artist,album,release_id,master_id,year,country,released,formats,labels,catalog_numbers,barcodes,genres,styles,discogs_url,tracks
Jo Mi Yeon,"MY, Lover",35934523,4093009,2025,South Korea,2025-11-00,CDr (Mini-Album),Cube Entertainment,L200003442,8804775458088,Pop,K-pop,https://www.discogs.com/release/35934523,"[{""position"": ""1"", ""title"": ""Reno (Feat. Colde)"", ""duration"": ""3:08"", ""type"": ""track""}, {""position"": ""2"", ""title"": ""Say My Name"", ""duration"": ""2:40"", ""type"": ""track""}, {""position"": ""3"", ""title"": ""F.F.L.Y"", ""duration"": ""2:46"", ""type"": ""track""}, {""position"": ""4"", ""title"": ""Space Invader"", ""duration"": ""2:21"", ""type"": ""track""}, {""position"": ""5"", ""title"": ""You And No One Else"", ""duration"": ""2:58"", ""type"": ""track""}, {""position"": ""6"", ""title"": ""Petal Shower"", ""duration"": ""3:10"", ""type"": ""track""}, {""position"": ""7"", ""title"": ""Show"", ""duration"": ""3:01"", ""type"": ""track""}]"
MILGRAM カズイ (CV: 竹内良太),カモフラージュ,38388327,,2026,Japan,2026-03-18,"CD (EP, Limited Edition)",Arma Bianca Record,ARMA-0014,,Pop,J-pop,https://www.discogs.com/release/38388327,"[{""position"": ""1"", ""title"": ""カモフラージュ"", ""duration"": ""2:49"", ""type"": ""track""}, {""position"": ""2"", ""title"": ""カモフラージュ (Instrumental)"", ""duration"": ""2:49"", ""type"": ""track""}, {""position"": ""3"", ""title"": ""毒林檎 -カズイ Cover-"", ""duration"": ""2:26"", ""type"": ""track""}, {""position"": ""4"", ""title"": ""毒林檎 -カズイ Cover- (Instrumental)"", ""duration"": ""2:26"", ""type"": ""track""}, {""position"": ""5"", ""title"": ""仮面の告白"", ""duration"": ""19:05"", ""type"": ""track""}]"
MILGRAM カズイ (CV: 竹内良太),Cat,38388228,,2023,Japan,2023-07-26,"CD (EP, Limited Edition)",Arma Bianca Record,ARMA-0007,4570164831636,Rock; Pop,J-pop,https://www.discogs.com/release/38388228,"[{""position"": ""1"", ""title"": ""Cat"", ""duration"": ""2:52"", ""type"": ""track""}, {""position"": ""2"", ""title"": ""Cat (Instrumental)"", ""duration"": ""2:52"", ""type"": ""track""}, {""position"": ""3"", ""title"": ""ネオネオン -カズイ Cover-"", ""duration"": ""3:11"", ""type"": ""track""}, {""position"": ""4"", ""title"": ""ネオネオン -カズイ Cover- (Instrumental)"", ""duration"": ""3:11"", ""type"": ""track""}, {""position"": ""5"", ""title"": ""欺罔の轍"", ""duration"": ""16:29"", ""type"": ""track""}]"
Jo Mi Yeon,MY,23380073,,2022,South Korea,2022-04-27,"CDr (Mini-Album, Stereo)",Cube Entertainment,L200002386,8804775251290,Pop,K-pop,https://www.discogs.com/release/23380073,"[{""position"": ""1"", ""title"": ""Rose"", ""duration"": ""3:20"", ""type"": ""track""}, {""position"": ""2"", ""title"": ""Drive"", ""duration"": ""3:21"", ""type"": ""track""}, {""position"": ""3"", ""title"": ""Softly"", ""duration"": ""3:47"", ""type"": ""track""}, {""position"": ""4"", ""title"": ""TE AMO"", ""duration"": ""4:16"", ""type"": ""track""}, {""position"": ""5"", ""title"": ""Charging (Feat. JUNNY)"", ""duration"": ""3:42"", ""type"": ""track""}, {""position"": ""6"", ""title"": ""소나기 (Rain)"", ""duration"": ""3:02"", ""type"": ""track""}]"
優里,壱,22023010,3400750,2022,Japan,2022-01-12,CD (Album),Ariola,BVCL 1207,4547366536270,Pop,J-pop,https://www.discogs.com/release/22023010,"[{""position"": ""1"", ""title"": ""ベテルギウス"", ""duration"": ""3:51"", ""type"": ""track""}, {""position"": ""2"", ""title"": ""ドライフラワー"", ""duration"": ""4:46"", ""type"": ""track""}, {""position"": ""3"", ""title"": ""花鳥風月"", ""duration"": ""3:26"", ""type"": ""track""}, {""position"": ""4"", ""title"": ""ミズキリ"", ""duration"": ""3:28"", ""type"": ""track""}, {""position"": ""5"", ""title"": ""シャッター"", ""duration"": ""4:09"", ""type"": ""track""}, {""position"": ""6"", ""title"": ""ミザリー"", ""duration"": ""4:02"", ""type"": ""track""}, {""position"": ""7"", ""title"": ""レオ"", ""duration"": ""3:59"", ""type"": ""track""}, {""position"": ""8"", ""title"": ""ピーターパン"", ""duration"": ""3:34"", ""type"": ""track""}, {""position"": ""9"", ""title"": ""スマホウォーズ"", ""duration"": ""3:49"", ""type"": ""track""}, {""position"": ""10"", ""title"": ""夏音"", ""duration"": ""3:59"", ""type"": ""track""}, {""position"": ""11"", ""title"": ""背中"", ""duration"": ""3:58"", ""type"": ""track""}, {""position"": ""12"", ""title"": ""かごめ"", ""duration"": ""4:32"", ""type"": ""track""}, {""position"": ""13"", ""title"": ""桜晴"", ""duration"": ""3:58"", ""type"": ""track""}, {""position"": ""14"", ""title"": ""インフィニティ"", ""duration"": ""4:05"", ""type"": ""track""}, {""position"": ""15"", ""title"": ""飛行船"", ""duration"": ""3:16"", ""type"": ""track""}, {""position"": ""16"", ""title"": ""かくれんぼ"", ""duration"": ""4:31"", ""type"": ""track""}]"
Penthouse (21),Laundry,35405371,,2024,Japan,2024-11-06,CD (Album),JVC Kenwood Victor Entertainment Corp.,VIZL-2371,4988002942046,Pop,City Pop,https://www.discogs.com/release/35405371,"[{""position"": ""1"", ""title"": ""Taxi to the Moon"", ""duration"": """", ""type"": ""track""}, {""position"": ""2"", ""title"": ""我愛你"", ""duration"": """", ""type"": ""track""}, {""position"": ""3"", ""title"": ""夏に願いを"", ""duration"": """", ""type"": ""track""}, {""position"": ""4"", ""title"": ""Raise Your Hands Up"", ""duration"": """", ""type"": ""track""}, {""position"": ""5"", ""title"": ""フライデーズハイ"", ""duration"": """", ""type"": ""track""}, {""position"": ""6"", ""title"": ""花束のような人生を君に"", ""duration"": """", ""type"": ""track""}, {""position"": ""7"", ""title"": ""一難"", ""duration"": """", ""type"": ""track""}, {""position"": ""8"", ""title"": ""Kitchen feat. 9m88"", ""duration"": """", ""type"": ""track""}, {""position"": ""9"", ""title"": ""アイデンティファイ"", ""duration"": """", ""type"": ""track""}, {""position"": ""10"", ""title"": ""Whiskey And Coke"", ""duration"": """", ""type"": ""track""}]"
Radwimps,Your Name.,15430873,1136816,2017,US,2017-03-10,"CD (Album, Limited Edition); Box Set (Album, Deluxe Edition, Limited Edition)",Funimation,none,704400023903,Rock; Pop; Stage & Screen,Soundtrack; J-Rock; Anison,https://www.discogs.com/release/15430873,"[{""position"": """", ""title"": ""Disc 1"", ""duration"": """", ""type"": ""heading""}, {""position"": ""1-1"", ""title"": ""Dream Lantern (English Version)"", ""duration"": ""2:11"", ""type"": ""track""}, {""position"": ""1-2"", ""title"": ""School Road"", ""duration"": ""1:08"", ""type"": ""track""}, {""position"": ""1-3"", ""title"": ""Itomori High School"", ""duration"": ""1:51"", ""type"": ""track""}, {""position"": ""1-4"", ""title"": ""First View Of Tokyo"", ""duration"": ""1:19"", ""type"": ""track""}, {""position"": ""1-5"", ""title"": ""Cafe At Last"", ""duration"": ""1:32"", ""type"": ""track""}, {""position"": ""1-6"", ""title"": ""Theme Of Ms. Okudera"", ""duration"": ""2:07"", ""type"": ""track""}, {""position"": ""1-7"", ""title"": ""Unusual Changes Of Two"", ""duration"": ""2:36"", ""type"": ""track""}, {""position"": ""1-8"", ""title"": ""Zenzenzense (English Version)"", ""duration"": ""4:45"", ""type"": ""track""}, {""position"": ""1-9"", ""title"": ""Goshintai"", ""duration"": ""3:27"", ""type"": ""track""}, {""position"": ""1-10"", ""title"": ""Date"", ""duration"": ""4:05"", ""type"": ""track""}, {""position"": ""1-11"", ""title"": ""Autumn Festival"", ""duration"": ""1:07"", ""type"": ""track""}, {""position"": ""1-12"", ""title"": ""Evoking Memories"", ""duration"": ""1:43"", ""type"": ""track""}, {""position"": ""1-13"", ""title"": ""Visit To Hida"", ""duration"": ""1:32"", ""type"": ""track""}, {""position"": ""1-14"", ""title"": ""Disappeared Town"", ""duration"": ""1:55"", ""type"": ""track""}, {""position"": ""1-15"", ""title"": ""Library"", ""duration"": ""1:43"", ""type"": ""track""}, {""position"": ""1-16"", ""title"": ""The Night Inn"", ""duration"": ""1:33"", ""type"": ""track""}, {""position"": ""1-17"", ""title"": ""Again To Goshintai"", ""duration"": ""2:23"", ""type"": ""track""}, {""position"": ""1-18"", ""title"": ""Kuchikamizake Trip"", ""duration"": ""2:55"", ""type"": ""track""}, {""position"": ""1-19"", ""title"": ""Council Of War"", ""duration"": ""2:24"", ""type"": ""track""}, {""position"": ""1-20"", ""title"": ""Persuading Mayor"", ""duration"": ""2:49"", ""type"": ""track""}, {""position"": ""1-21"", ""title"": ""Theme Of Mitsuha"", ""duration"": ""4:06"", ""type"": ""track""}, {""position"": ""1-22"", ""title"": ""Unseen Two"", ""duration"": ""0:53"", ""type"": ""track""}, {""position"": ""1-23"", ""title"": ""Katawaredoki"", ""duration"": ""2:50"", ""type"": ""track""}, {""position"": ""1-24"", ""title"": ""Sparkle (English Version)"", ""duration"": ""8:57"", ""type"": ""track""}, {""position"": ""1-25"", ""title"": ""Date 2"", ""duration"": ""2:09"", ""type"": ""track""}, {""position"": ""1-26"", ""title"": ""Nandemonaiya (English Version)"", ""duration"": ""3:16"", ""type"": ""track""}, {""position"": """", ""title"": ""Disc 2 - Bonus Disc"", ""duration"": """", ""type"": ""heading""}, {""position"": ""2-1"", ""title"": ""Dream Lantern"", ""duration"": ""2:10"", ""type"": ""track""}, {""position"": ""2-2"", ""title"": ""Zenzenzense (Movie Ver.)"", ""duration"": ""4:45"", ""type"": ""track""}, {""position"": ""2-3"", ""title"": ""Sparkle (Movie Ver.)"", ""duration"": ""8:55"", ""type"": ""track""}, {""position"": ""2-4"", ""title"": ""Nandemonaiya (Movie Ver.)"", ""duration"": ""5:44"", ""type"": ""track""}]"
fromis_9,Supersonic,32105715,3666084,2024,South Korea,2024-08-12,CD (Single),Pledis Entertainment,PLD0436,8 800261 890639,Pop,K-pop,https://www.discogs.com/release/32105715,"[{""position"": ""1"", ""title"": ""Supersonic"", ""duration"": """", ""type"": ""track""}, {""position"": ""2"", ""title"": ""Beat The Heat"", ""duration"": """", ""type"": ""track""}, {""position"": ""3"", ""title"": ""Take A Chance"", ""duration"": """", ""type"": ""track""}]"
fromis_9,Supersonic,32105637,3666084,2024,South Korea,2024-08-12,CD (Single),Pledis Entertainment,PLD0436,8 800261 890639,Pop,K-pop,https://www.discogs.com/release/32105637,"[{""position"": ""1"", ""title"": ""Supersonic"", ""duration"": """", ""type"": ""track""}, {""position"": ""2"", ""title"": ""Beat The Heat"", ""duration"": """", ""type"": ""track""}, {""position"": ""3"", ""title"": ""Take A Chance"", ""duration"": """", ""type"": ""track""}]"
Dreamcatcher (13),악몽 ♦ 惡夢,32400162,1166231,2024,South Korea,2024-10-01,Box Set (Repress); CD (Single),Dreamcatcher Company; Genie Music Corporation,KTMCD1280; KTMCD1280,8809314516175,Rock; Pop,K-pop; K-Rock,https://www.discogs.com/release/32400162,"[{""position"": ""1"", ""title"": ""Welcome To My Dream (Intro)"", ""duration"": ""0:40"", ""type"": ""track""}, {""position"": ""2"", ""title"": ""Chase Me"", ""duration"": ""3:09"", ""type"": ""track""}, {""position"": ""3"", ""title"": ""Emotion (소원 하나)"", ""duration"": ""3:43"", ""type"": ""track""}, {""position"": ""4"", ""title"": ""Chase Me (Inst.)"", ""duration"": ""3:09"", ""type"": ""track""}]"
Dreamcatcher (13),악몽 ♦ Fall Asleep In The Mirror,32400636,1175963,2024,South Korea,2024-10-01,Box Set (Repress); CD (Single),Dreamcatcher Company; Genie Music Corporation,KTMCD1281; KTMCD1281,8809314516182,Rock; Pop,K-pop; K-Rock,https://www.discogs.com/release/32400636,"[{""position"": ""1"", ""title"": ""My Toys (Intro)"", ""duration"": ""1:08"", ""type"": ""track""}, {""position"": ""2"", ""title"": ""Good Night"", ""duration"": ""2:56"", ""type"": ""track""}, {""position"": ""3"", ""title"": ""Lullaby"", ""duration"": ""3:19"", ""type"": ""track""}, {""position"": ""4"", ""title"": ""Good Night (Inst.)"", ""duration"": ""2:55"", ""type"": ""track""}]"
Dreamcatcher (13),Prequel,10792227,1234008,2017,South Korea,2017-07-27,CD (Mini-Album),Happyface Entertainment,INT0108,8 809516 261248,Electronic; Rock; Pop,K-pop; Drum n Bass,https://www.discogs.com/release/10792227,"[{""position"": ""1"", ""title"": ""Before & After (Intro)"", ""duration"": ""1:10"", ""type"": ""track""}, {""position"": ""2"", ""title"": ""날아올라 (Fly High)"", ""duration"": ""3:32"", ""type"": ""track""}, {""position"": ""3"", ""title"": ""Wake Up"", ""duration"": ""3:33"", ""type"": ""track""}, {""position"": ""4"", ""title"": ""Sleep-Walking"", ""duration"": ""3:25"", ""type"": ""track""}, {""position"": ""5"", ""title"": ""괜찮아!"", ""duration"": ""3:25"", ""type"": ""track""}, {""position"": ""6"", ""title"": ""날아올라 (Fly High) (Inst.)"", ""duration"": ""3:32"", ""type"": ""track""}]"
Dreamcatcher (13),악몽 ♦ Escape The Era,12126657,1378136,2018,South Korea,2018-05-10,CD (Mini-Album),Happyface Entertainment,INT0148,8 809516 265239; 8 809516 265222,Rock; Pop,K-pop; K-Rock,https://www.discogs.com/release/12126657,"[{""position"": ""1"", ""title"": ""Inside-Outside (Intro)"", ""duration"": ""1:25"", ""type"": ""track""}, {""position"": ""2"", ""title"": ""You And I"", ""duration"": ""3:17"", ""type"": ""track""}, {""position"": ""3"", ""title"": ""Mayday"", ""duration"": ""3:06"", ""type"": ""track""}, {""position"": ""4"", ""title"": ""어느 별"", ""duration"": ""4:10"", ""type"": ""track""}, {""position"": ""5"", ""title"": ""Scar (이 더럽고도 추한...)"", ""duration"": ""3:18"", ""type"": ""track""}, {""position"": ""6"", ""title"": ""You And I (Inst.)"", ""duration"": ""3:15"", ""type"": ""track""}]"
Dreamcatcher (13),악몽 ♦ Escape The Era,12087206,1378136,2018,South Korea,2018-05-10,CD (Mini-Album),Happyface Entertainment; Interpark,INT0149; INT0149,8 809516 265239,Rock; Pop,K-pop; K-Rock,https://www.discogs.com/release/12087206,"[{""position"": ""1"", ""title"": ""Inside-Outside (Intro)"", ""duration"": ""1:25"", ""type"": ""track""}, {""position"": ""2"", ""title"": ""You And I"", ""duration"": ""3:17"", ""type"": ""track""}, {""position"": ""3"", ""title"": ""Mayday"", ""duration"": ""3:06"", ""type"": ""track""}, {""position"": ""4"", ""title"": ""어느 별"", ""duration"": ""4:10"", ""type"": ""track""}, {""position"": ""5"", ""title"": ""Scar (이 더럽고도 추한...)"", ""duration"": ""3:18"", ""type"": ""track""}, {""position"": ""6"", ""title"": ""You And I (Inst.)"", ""duration"": ""3:15"", ""type"": ""track""}]"
Dreamcatcher (13),Alone In The City,12794871,1453156,2018,South Korea,2018-09-20,CD (Mini-Album),Happyface Entertainment,KTMCD0950,8 809269 509352,Rock; Pop,K-pop; K-Rock,https://www.discogs.com/release/12794871,"[{""position"": ""1"", ""title"": ""Intro"", ""duration"": ""1:08"", ""type"": ""track""}, {""position"": ""2"", ""title"": ""What"", ""duration"": ""3:27"", ""type"": ""track""}, {""position"": ""3"", ""title"": ""Wonderland"", ""duration"": ""3:13"", ""type"": ""track""}, {""position"": ""4"", ""title"": ""Trap"", ""duration"": ""3:12"", ""type"": ""track""}, {""position"": ""5"", ""title"": ""약속해 우리 (July 7th)"", ""duration"": ""3:16"", ""type"": ""track""}, {""position"": ""6"", ""title"": ""What (Inst.)"", ""duration"": ""3:25"", ""type"": ""track""}]"
Dreamcatcher (13),Alone In The City,12663834,1453156,2018,South Korea,2018-09-20,CD (Mini-Album),Happyface Entertainment,KTMCD0950,8 809269 509352,Rock; Pop,K-pop; K-Rock,https://www.discogs.com/release/12663834,"[{""position"": ""1"", ""title"": ""Intro"", ""duration"": ""1:08"", ""type"": ""track""}, {""position"": ""2"", ""title"": ""What"", ""duration"": ""3:27"", ""type"": ""track""}, {""position"": ""3"", ""title"": ""Wonderland"", ""duration"": ""3:13"", ""type"": ""track""}, {""position"": ""4"", ""title"": ""Trap"", ""duration"": ""3:12"", ""type"": ""track""}, {""position"": ""5"", ""title"": ""약속해 우리 (July 7th)"", ""duration"": ""3:16"", ""type"": ""track""}, {""position"": ""6"", ""title"": ""What (Inst.)"", ""duration"": ""3:25"", ""type"": ""track""}]"
Dreamcatcher (13),The End Of Nightmare,13263981,1507179,2019,South Korea,2019-02-13,CD (Mini-Album),Dreamcatcher Company; Genie Music (2),KTMCD0990; KTMCD0990,8 809269 509741,Rock; Pop,K-Rock; K-pop,https://www.discogs.com/release/13263981,"[{""position"": ""1"", ""title"": ""Intro"", ""duration"": ""1:07"", ""type"": ""track""}, {""position"": ""2"", ""title"": ""Piri"", ""duration"": ""3:27"", ""type"": ""track""}, {""position"": ""3"", ""title"": ""Diamond"", ""duration"": ""3:22"", ""type"": ""track""}, {""position"": ""4"", ""title"": ""그리고 아무도 없었다"", ""duration"": ""2:53"", ""type"": ""track""}, {""position"": ""5"", ""title"": ""Daydream (백일몽)"", ""duration"": ""3:32"", ""type"": ""track""}, {""position"": ""6"", ""title"": ""Piri (Inst.)"", ""duration"": ""3:27"", ""type"": ""track""}]"
Dreamcatcher (13),The End Of Nightmare,13263429,1507179,2019,South Korea,2019-02-13,CD (Mini-Album),Dreamcatcher Company; Genie Music (2),KTMCD0990; KTMCD0990,8 809269 509741,Rock; Pop,K-Rock; K-pop,https://www.discogs.com/release/13263429,"[{""position"": ""1"", ""title"": ""Intro"", ""duration"": ""1:07"", ""type"": ""track""}, {""position"": ""2"", ""title"": ""Piri"", ""duration"": ""3:27"", ""type"": ""track""}, {""position"": ""3"", ""title"": ""Diamond"", ""duration"": ""3:22"", ""type"": ""track""}, {""position"": ""4"", ""title"": ""그리고 아무도 없었다"", ""duration"": ""2:53"", ""type"": ""track""}, {""position"": ""5"", ""title"": ""Daydream (백일몽)"", ""duration"": ""3:32"", ""type"": ""track""}, {""position"": ""6"", ""title"": ""Piri (Inst.)"", ""duration"": ""3:27"", ""type"": ""track""}]"
Dreamcatcher (13),Raid Of Dream,14233417,1617133,2019,South Korea,2019-09-18,"CD (Mini-Album, Limited Edition)",Dreamcatcher Company; Genie Music (2); Vespa (2),KTMCD1019; KTMCD1019; KTMCD1019,8809314513655,Rock; Pop,K-pop; K-Rock,https://www.discogs.com/release/14233417,"[{""position"": ""1"", ""title"": ""Intro"", ""duration"": ""1:31"", ""type"": ""track""}, {""position"": ""2"", ""title"": ""데자부 (Deja Vu)"", ""duration"": ""3:45"", ""type"": ""track""}, {""position"": ""3"", ""title"": ""거미의 저주 (The Curse Of The Spider)"", ""duration"": ""3:11"", ""type"": ""track""}, {""position"": ""4"", ""title"": ""Silent Night"", ""duration"": ""3:18"", ""type"": ""track""}, {""position"": ""5"", ""title"": ""북극성 (Polaris)"", ""duration"": ""3:54"", ""type"": ""track""}]"
Dreamcatcher (13),Raid Of Dream,14229789,1617133,2019,South Korea,2019-09-18,CD (Mini-Album),Dreamcatcher Company; Genie Music (2); Vespa (2),KTMCD1020; KTMCD1020; KTMCD1020,8809314513662,Rock; Pop,K-pop; K-Rock,https://www.discogs.com/release/14229789,"[{""position"": ""1"", ""title"": ""Intro"", ""duration"": ""1:31"", ""type"": ""track""}, {""position"": ""2"", ""title"": ""데자부 (Deja Vu)"", ""duration"": ""3:45"", ""type"": ""track""}, {""position"": ""3"", ""title"": ""거미의 저주 (The Curse Of The Spider)"", ""duration"": ""3:11"", ""type"": ""track""}, {""position"": ""4"", ""title"": ""Silent Night"", ""duration"": ""3:18"", ""type"": ""track""}, {""position"": ""5"", ""title"": ""북극성 (Polaris)"", ""duration"": ""3:54"", ""type"": ""track""}]"
Dreamcatcher (13),Dystopia : The Tree Of Language,14848855,1690500,2020,South Korea,2020-02-18,CD (Album),Dreamcatcher Company; Kakao M,L200001903; L200001903,8804775139390,Electronic; Rock; Pop,K-pop; Pop Rock; Electro; K-Rock,https://www.discogs.com/release/14848855,"[{""position"": ""1"", ""title"": ""Intro"", ""duration"": ""1:19"", ""type"": ""track""}, {""position"": ""2"", ""title"": ""Scream"", ""duration"": ""3:24"", ""type"": ""track""}, {""position"": ""3"", ""title"": ""Tension"", ""duration"": ""3:11"", ""type"": ""track""}, {""position"": ""4"", ""title"": ""Red Sun"", ""duration"": ""3:05"", ""type"": ""track""}, {""position"": ""5"", ""title"": ""Black Or White"", ""duration"": ""3:24"", ""type"": ""track""}, {""position"": ""6"", ""title"": ""Jazz Bar"", ""duration"": ""3:34"", ""type"": ""track""}, {""position"": ""7"", ""title"": ""Sahara"", ""duration"": ""3:11"", ""type"": ""track""}, {""position"": ""8"", ""title"": ""In The Frozen"", ""duration"": ""3:16"", ""type"": ""track""}, {""position"": ""9"", ""title"": ""새벽"", ""duration"": ""3:03"", ""type"": ""track""}, {""position"": ""10"", ""title"": ""Full Moon"", ""duration"": ""3:09"", ""type"": ""track""}, {""position"": ""11"", ""title"": ""하늘을 넘어"", ""duration"": ""3:17"", ""type"": ""track""}, {""position"": ""12"", ""title"": ""Outro"", ""duration"": ""1:03"", ""type"": ""track""}, {""position"": ""13"", ""title"": ""Scream (Inst.)"", ""duration"": ""3:24"", ""type"": ""track""}, {""position"": ""14"", ""title"": ""Paradise"", ""duration"": ""4:03"", ""type"": ""track""}]"
Dreamcatcher (13),Dystopia : The Tree Of Language,14851228,1690500,2020,South Korea,2020-02-18,CD (Album),Dreamcatcher Company; Kakao M,L200001903; L200001903,8804775139390,Electronic; Rock; Pop,K-pop; Pop Rock; Electro; K-Rock,https://www.discogs.com/release/14851228,"[{""position"": ""1"", ""title"": ""Intro"", ""duration"": ""1:19"", ""type"": ""track""}, {""position"": ""2"", ""title"": ""Scream"", ""duration"": ""3:24"", ""type"": ""track""}, {""position"": ""3"", ""title"": ""Tension"", ""duration"": ""3:11"", ""type"": ""track""}, {""position"": ""4"", ""title"": ""Red Sun"", ""duration"": ""3:05"", ""type"": ""track""}, {""position"": ""5"", ""title"": ""Black Or White"", ""duration"": ""3:24"", ""type"": ""track""}, {""position"": ""6"", ""title"": ""Jazz Bar"", ""duration"": ""3:34"", ""type"": ""track""}, {""position"": ""7"", ""title"": ""Sahara"", ""duration"": ""3:11"", ""type"": ""track""}, {""position"": ""8"", ""title"": ""In The Frozen"", ""duration"": ""3:16"", ""type"": ""track""}, {""position"": ""9"", ""title"": ""새벽"", ""duration"": ""3:03"", ""type"": ""track""}, {""position"": ""10"", ""title"": ""Full Moon"", ""duration"": ""3:09"", ""type"": ""track""}, {""position"": ""11"", ""title"": ""하늘을 넘어"", ""duration"": ""3:17"", ""type"": ""track""}, {""position"": ""12"", ""title"": ""Outro"", ""duration"": ""1:03"", ""type"": ""track""}, {""position"": ""13"", ""title"": ""Scream (Inst.)"", ""duration"": ""3:24"", ""type"": ""track""}, {""position"": ""14"", ""title"": ""Paradise"", ""duration"": ""4:03"", ""type"": ""track""}]"
Dreamcatcher (13),Dystopia : The Tree Of Language,14851227,1690500,2020,South Korea,2020-02-18,CD (Album),Dreamcatcher Company; Kakao M,L200001903; L200001903,8804775139390,Electronic; Rock; Pop,K-pop; Pop Rock; Electro; K-Rock,https://www.discogs.com/release/14851227,"[{""position"": ""1"", ""title"": ""Intro"", ""duration"": ""1:19"", ""type"": ""track""}, {""position"": ""2"", ""title"": ""Scream"", ""duration"": ""3:24"", ""type"": ""track""}, {""position"": ""3"", ""title"": ""Tension"", ""duration"": ""3:11"", ""type"": ""track""}, {""position"": ""4"", ""title"": ""Red Sun"", ""duration"": ""3:05"", ""type"": ""track""}, {""position"": ""5"", ""title"": ""Black Or White"", ""duration"": ""3:24"", ""type"": ""track""}, {""position"": ""6"", ""title"": ""Jazz Bar"", ""duration"": ""3:34"", ""type"": ""track""}, {""position"": ""7"", ""title"": ""Sahara"", ""duration"": ""3:11"", ""type"": ""track""}, {""position"": ""8"", ""title"": ""In The Frozen"", ""duration"": ""3:16"", ""type"": ""track""}, {""position"": ""9"", ""title"": ""새벽"", ""duration"": ""3:03"", ""type"": ""track""}, {""position"": ""10"", ""title"": ""Full Moon"", ""duration"": ""3:09"", ""type"": ""track""}, {""position"": ""11"", ""title"": ""하늘을 넘어"", ""duration"": ""3:17"", ""type"": ""track""}, {""position"": ""12"", ""title"": ""Outro"", ""duration"": ""1:03"", ""type"": ""track""}, {""position"": ""13"", ""title"": ""Scream (Inst.)"", ""duration"": ""3:24"", ""type"": ""track""}, {""position"": ""14"", ""title"": ""Paradise"", ""duration"": ""4:03"", ""type"": ""track""}]"
Dreamcatcher (13),Dystopia : The Tree Of Language,14851229,1690500,2020,South Korea,2020-02-18,CD (Album),Dreamcatcher Company; Kakao M,L200001903; L200001903,8804775139390,Electronic; Rock; Pop,K-pop; K-Rock,https://www.discogs.com/release/14851229,"[{""position"": ""1"", ""title"": ""Intro"", ""duration"": ""1:19"", ""type"": ""track""}, {""position"": ""2"", ""title"": ""Scream"", ""duration"": ""3:24"", ""type"": ""track""}, {""position"": ""3"", ""title"": ""Tension"", ""duration"": ""3:11"", ""type"": ""track""}, {""position"": ""4"", ""title"": ""Red Sun"", ""duration"": ""3:05"", ""type"": ""track""}, {""position"": ""5"", ""title"": ""Black Or White"", ""duration"": ""3:24"", ""type"": ""track""}, {""position"": ""6"", ""title"": ""Jazz Bar"", ""duration"": ""3:34"", ""type"": ""track""}, {""position"": ""7"", ""title"": ""Sahara"", ""duration"": ""3:11"", ""type"": ""track""}, {""position"": ""8"", ""title"": ""In The Frozen"", ""duration"": ""3:16"", ""type"": ""track""}, {""position"": ""9"", ""title"": ""새벽"", ""duration"": ""3:03"", ""type"": ""track""}, {""position"": ""10"", ""title"": ""Full Moon"", ""duration"": ""3:09"", ""type"": ""track""}, {""position"": ""11"", ""title"": ""하늘을 넘어"", ""duration"": ""3:17"", ""type"": ""track""}, {""position"": ""12"", ""title"": ""Outro"", ""duration"": ""1:03"", ""type"": ""track""}, {""position"": ""13"", ""title"": ""Scream (Inst.)"", ""duration"": ""3:24"", ""type"": ""track""}, {""position"": ""14"", ""title"": ""Paradise"", ""duration"": ""4:03"", ""type"": ""track""}]"
Dreamcatcher (13),Dystopia : Lose Myself,15815681,1793891,2020,South Korea,2020-08-17,"CD (Mini-Album, Limited Edition)",Dreamcatcher Company; Genie Music (2),KTMCD1070; KTMCD1070,8809314514171,Rock; Pop,K-Rock; K-pop,https://www.discogs.com/release/15815681,"[{""position"": ""1"", ""title"": ""Intro"", ""duration"": ""1:42"", ""type"": ""track""}, {""position"": ""2"", ""title"": ""Boca"", ""duration"": ""3:12"", ""type"": ""track""}, {""position"": ""3"", ""title"": ""Break The Wall"", ""duration"": ""3:49"", ""type"": ""track""}, {""position"": ""4"", ""title"": ""Can't Get You Out Of My Mind"", ""duration"": ""3:45"", ""type"": ""track""}, {""position"": ""5"", ""title"": ""Dear"", ""duration"": ""3:51"", ""type"": ""track""}, {""position"": ""6"", ""title"": ""Boca (Inst.)"", ""duration"": ""3:10"", ""type"": ""track""}]"
Dreamcatcher (13),Dystopia : Lose Myself,15815679,1793891,2020,South Korea,2020-08-17,CD (Mini-Album),Dreamcatcher Company; Genie Music (2),KTMCD1071; KTMCD1071,8809314514188,Rock; Pop,K-Rock; K-pop,https://www.discogs.com/release/15815679,"[{""position"": ""1"", ""title"": ""Intro"", ""duration"": ""1:42"", ""type"": ""track""}, {""position"": ""2"", ""title"": ""Boca"", ""duration"": ""3:12"", ""type"": ""track""}, {""position"": ""3"", ""title"": ""Break The Wall"", ""duration"": ""3:49"", ""type"": ""track""}, {""position"": ""4"", ""title"": ""Can't Get You Out Of My Mind"", ""duration"": ""3:45"", ""type"": ""track""}, {""position"": ""5"", ""title"": ""Dear"", ""duration"": ""3:51"", ""type"": ""track""}, {""position"": ""6"", ""title"": ""Boca (Inst.)"", ""duration"": ""3:10"", ""type"": ""track""}]"
Dreamcatcher (13),Dystopia : Lose Myself,15815680,1793891,2020,South Korea,2020-08-17,CD (Mini-Album),Dreamcatcher Company; Genie Music (2),KTMCD1071; KTMCD1071,8809314514188,Rock; Pop,K-Rock; K-pop,https://www.discogs.com/release/15815680,"[{""position"": ""1"", ""title"": ""Intro"", ""duration"": ""1:42"", ""type"": ""track""}, {""position"": ""2"", ""title"": ""Boca"", ""duration"": ""3:12"", ""type"": ""track""}, {""position"": ""3"", ""title"": ""Break The Wall"", ""duration"": ""3:49"", ""type"": ""track""}, {""position"": ""4"", ""title"": ""Can't Get You Out Of My Mind"", ""duration"": ""3:45"", ""type"": ""track""}, {""position"": ""5"", ""title"": ""Dear"", ""duration"": ""3:51"", ""type"": ""track""}, {""position"": ""6"", ""title"": ""Boca (Inst.)"", ""duration"": ""3:10"", ""type"": ""track""}]"
Dreamcatcher (13),Dystopia : Lose Myself,15815318,1793891,2020,South Korea,2020-08-17,"CD (Mini-Album, Limited Edition)",Dreamcatcher Company; Genie Music (2),KTMCD1071; KTMCD1071,8809314514188,Rock; Pop,K-Rock; K-pop,https://www.discogs.com/release/15815318,"[{""position"": ""1"", ""title"": ""Intro"", ""duration"": ""1:42"", ""type"": ""track""}, {""position"": ""2"", ""title"": ""Boca"", ""duration"": ""3:12"", ""type"": ""track""}, {""position"": ""3"", ""title"": ""Break The Wall"", ""duration"": ""3:49"", ""type"": ""track""}, {""position"": ""4"", ""title"": ""Can't Get You Out Of My Mind"", ""duration"": ""3:45"", ""type"": ""track""}, {""position"": ""5"", ""title"": ""Dear"", ""duration"": ""3:51"", ""type"": ""track""}, {""position"": ""6"", ""title"": ""Boca (Inst.)"", ""duration"": ""3:10"", ""type"": ""track""}]"
Dreamcatcher (13),Dystopia : Road To Utopia,17261359,1959379,2021,South Korea,2021-01-26,CD (Mini-Album),Dreamcatcher Company; Genie Music (2),KTMCD1089; KTMCD1089,8809314514362,Rock; Pop,K-pop; K-Rock,https://www.discogs.com/release/17261359,"[{""position"": ""1"", ""title"": ""Intro"", ""duration"": ""1:33"", ""type"": ""track""}, {""position"": ""2"", ""title"": ""Odd Eye"", ""duration"": ""3:06"", ""type"": ""track""}, {""position"": ""3"", ""title"": ""바람아 (Wind Blows)"", ""duration"": ""3:19"", ""type"": ""track""}, {""position"": ""4"", ""title"": ""Poison Love"", ""duration"": ""3:59"", ""type"": ""track""}, {""position"": ""5"", ""title"": ""4 Memory"", ""duration"": ""3:10"", ""type"": ""track""}, {""position"": ""6"", ""title"": ""시간의 틈 (New Days)"", ""duration"": ""3:33"", ""type"": ""track""}, {""position"": ""7"", ""title"": ""Odd Eye (Inst.)"", ""duration"": ""3:04"", ""type"": ""track""}]"
Dreamcatcher (13),Dystopia : Road To Utopia,17258941,1959379,2021,South Korea,2021-01-26,CD (Mini-Album),Dreamcatcher Company; Genie Music (2),KTMCD1089; KTMCD1089,8809314514362,Rock; Pop,K-pop; K-Rock,https://www.discogs.com/release/17258941,"[{""position"": ""1"", ""title"": ""Intro"", ""duration"": ""1:33"", ""type"": ""track""}, {""position"": ""2"", ""title"": ""Odd Eye"", ""duration"": ""3:06"", ""type"": ""track""}, {""position"": ""3"", ""title"": ""바람아 (Wind Blows)"", ""duration"": ""3:19"", ""type"": ""track""}, {""position"": ""4"", ""title"": ""Poison Love"", ""duration"": ""3:59"", ""type"": ""track""}, {""position"": ""5"", ""title"": ""4 Memory"", ""duration"": ""3:10"", ""type"": ""track""}, {""position"": ""6"", ""title"": ""시간의 틈 (New Days)"", ""duration"": ""3:33"", ""type"": ""track""}, {""position"": ""7"", ""title"": ""Odd Eye (Inst.)"", ""duration"": ""3:04"", ""type"": ""track""}]"
Dreamcatcher (13),Dystopia : Road To Utopia,17261362,1959379,2021,South Korea,2021-01-26,"CD (Mini-Album, Limited Edition)",Dreamcatcher Company; Genie Music (2),KTMCD1088; KTMCD1088,8809314514355,Rock; Pop,K-pop; K-Rock,https://www.discogs.com/release/17261362,"[{""position"": ""1"", ""title"": ""Intro"", ""duration"": ""1:33"", ""type"": ""track""}, {""position"": ""2"", ""title"": ""Odd Eye"", ""duration"": ""3:06"", ""type"": ""track""}, {""position"": ""3"", ""title"": ""바람아 (Wind Blows)"", ""duration"": ""3:19"", ""type"": ""track""}, {""position"": ""4"", ""title"": ""Poison Love"", ""duration"": ""3:59"", ""type"": ""track""}, {""position"": ""5"", ""title"": ""4 Memory"", ""duration"": ""3:10"", ""type"": ""track""}, {""position"": ""6"", ""title"": ""시간의 틈 (New Days)"", ""duration"": ""3:33"", ""type"": ""track""}, {""position"": ""7"", ""title"": ""Odd Eye (Inst.)"", ""duration"": ""3:04"", ""type"": ""track""}]"
Dreamcatcher (13),Dystopia : Road To Utopia,17261356,1959379,2021,South Korea,2021-01-26,CD (Mini-Album),Dreamcatcher Company; Genie Music (2),KTMCD1089; KTMCD1089,8809314514362,Rock; Pop,K-pop; K-Rock,https://www.discogs.com/release/17261356,"[{""position"": ""1"", ""title"": ""Intro"", ""duration"": ""1:33"", ""type"": ""track""}, {""position"": ""2"", ""title"": ""Odd Eye"", ""duration"": ""3:06"", ""type"": ""track""}, {""position"": ""3"", ""title"": ""바람아 (Wind Blows)"", ""duration"": ""3:19"", ""type"": ""track""}, {""position"": ""4"", ""title"": ""Poison Love"", ""duration"": ""3:59"", ""type"": ""track""}, {""position"": ""5"", ""title"": ""4 Memory"", ""duration"": ""3:10"", ""type"": ""track""}, {""position"": ""6"", ""title"": ""시간의 틈 (New Days)"", ""duration"": ""3:33"", ""type"": ""track""}, {""position"": ""7"", ""title"": ""Odd Eye (Inst.)"", ""duration"": ""3:04"", ""type"": ""track""}]"
Dreamcatcher (13),Summer Holiday,19773913,2247922,2021,South Korea,2021-07-30,"CD (Mini-Album, Limited Edition)",Dreamcatcher Company; Sony Music; Dreamcatcher Company; Sony Music,S91222C; S91222C; 19439933432; 19439933432,8803581202229,Rock; Pop,Pop Rock; K-Rock; K-pop,https://www.discogs.com/release/19773913,"[{""position"": ""1"", ""title"": ""Intro"", ""duration"": ""1:15"", ""type"": ""track""}, {""position"": ""2"", ""title"": ""Because"", ""duration"": ""3:11"", ""type"": ""track""}, {""position"": ""3"", ""title"": ""Airplane"", ""duration"": ""3:00"", ""type"": ""track""}, {""position"": ""4"", ""title"": ""Whistle"", ""duration"": ""3:29"", ""type"": ""track""}, {""position"": ""5"", ""title"": ""Alldaylong"", ""duration"": ""3:37"", ""type"": ""track""}, {""position"": ""6"", ""title"": ""해바라기의 마음 (A Heart of Sunflower)"", ""duration"": ""4:17"", ""type"": ""track""}]"
Dreamcatcher (13),Summer Holiday,19784134,2247922,2021,South Korea,2021-07-30,CD (Mini-Album),Dreamcatcher Company; Sony Music; Dreamcatcher Company; Sony Music,S91220C; S91220C; 19439930432; 19439930432,8803581202205,Pop,K-pop,https://www.discogs.com/release/19784134,"[{""position"": ""1"", ""title"": ""Intro"", ""duration"": ""1:15"", ""type"": ""track""}, {""position"": ""2"", ""title"": ""Because"", ""duration"": ""3:11"", ""type"": ""track""}, {""position"": ""3"", ""title"": ""Airplane"", ""duration"": ""3:00"", ""type"": ""track""}, {""position"": ""4"", ""title"": ""Whistle"", ""duration"": ""3:29"", ""type"": ""track""}, {""position"": ""5"", ""title"": ""Alldaylong"", ""duration"": ""3:37"", ""type"": ""track""}, {""position"": ""6"", ""title"": ""해바라기의 마음 (A Heart of Sunflower)"", ""duration"": ""4:17"", ""type"": ""track""}]"
Dreamcatcher (13),Summer Holiday,19784128,2247922,2021,South Korea,2021-07-30,CD (Mini-Album),Dreamcatcher Company; Sony Music; Dreamcatcher Company; Sony Music,S91220C; S91220C; 19439930432; 19439930432,8803581202205,Pop,K-pop,https://www.discogs.com/release/19784128,"[{""position"": ""1"", ""title"": ""Intro"", ""duration"": ""1:15"", ""type"": ""track""}, {""position"": ""2"", ""title"": ""Because"", ""duration"": ""3:11"", ""type"": ""track""}, {""position"": ""3"", ""title"": ""Airplane"", ""duration"": ""3:00"", ""type"": ""track""}, {""position"": ""4"", ""title"": ""Whistle"", ""duration"": ""3:29"", ""type"": ""track""}, {""position"": ""5"", ""title"": ""Alldaylong"", ""duration"": ""3:37"", ""type"": ""track""}, {""position"": ""6"", ""title"": ""해바라기의 마음 (A Heart of Sunflower)"", ""duration"": ""4:17"", ""type"": ""track""}]"
Dreamcatcher (13),Summer Holiday,19784131,2247922,2021,South Korea,2021-07-30,CD (Mini-Album),Dreamcatcher Company; Sony Music; Dreamcatcher Company; Sony Music,S91220C; S91220C; 19439930432; 19439930432,8803581202205,Pop,K-pop,https://www.discogs.com/release/19784131,"[{""position"": ""1"", ""title"": ""Intro"", ""duration"": ""1:15"", ""type"": ""track""}, {""position"": ""2"", ""title"": ""Because"", ""duration"": ""3:11"", ""type"": ""track""}, {""position"": ""3"", ""title"": ""Airplane"", ""duration"": ""3:00"", ""type"": ""track""}, {""position"": ""4"", ""title"": ""Whistle"", ""duration"": ""3:29"", ""type"": ""track""}, {""position"": ""5"", ""title"": ""Alldaylong"", ""duration"": ""3:37"", ""type"": ""track""}, {""position"": ""6"", ""title"": ""해바라기의 마음 (A Heart of Sunflower)"", ""duration"": ""4:17"", ""type"": ""track""}]"
Dreamcatcher (13),Apocalypse : Save Us,23001059,2607905,2022,South Korea,2022-04-12,"CD (Album, Stereo)",Dreamcatcher Company; Sony Music; Dreamcatcher Company; Sony Music,S91242C; S91242C; 19658710062; 19658710062,8803581202427,Rock; Pop,K-pop; K-Rock,https://www.discogs.com/release/23001059,"[{""position"": ""1"", ""title"": ""Intro : Save Us"", ""duration"": ""1:01"", ""type"": ""track""}, {""position"": ""2"", ""title"": ""Locked Inside A Door"", ""duration"": ""3:07"", ""type"": ""track""}, {""position"": ""3"", ""title"": ""Maison"", ""duration"": ""3:06"", ""type"": ""track""}, {""position"": ""4"", ""title"": ""Starlight"", ""duration"": ""3:19"", ""type"": ""track""}, {""position"": ""5"", ""title"": ""Together"", ""duration"": ""3:44"", ""type"": ""track""}, {""position"": ""6"", ""title"": ""널 위해 (Always)"", ""duration"": ""4:30"", ""type"": ""track""}, {""position"": ""7"", ""title"": ""Skit : The Seven Doors"", ""duration"": ""1:46"", ""type"": ""track""}, {""position"": ""8"", ""title"": ""Cherry (Real Miracle)"", ""duration"": ""3:15"", ""type"": ""track""}, {""position"": ""9"", ""title"": ""No Dot"", ""duration"": ""3:20"", ""type"": ""track""}, {""position"": ""10"", ""title"": ""황흘경 (极夜)"", ""duration"": ""3:33"", ""type"": ""track""}, {""position"": ""11"", ""title"": ""한겨울 (寒冬)"", ""duration"": ""3:52"", ""type"": ""track""}, {""position"": ""12"", ""title"": ""For"", ""duration"": ""3:45"", ""type"": ""track""}, {""position"": ""13"", ""title"": ""Beauty Full"", ""duration"": ""3:04"", ""type"": ""track""}, {""position"": ""14"", ""title"": ""Playground"", ""duration"": ""3:01"", ""type"": ""track""}]"
Dreamcatcher (13),Apocalypse : Save Us,23001062,2607905,2022,South Korea,2022-04-12,CD (Album),Dreamcatcher Company; Sony Music; Dreamcatcher Company; Sony Music,S91242C; S91242C; 19658710062; 19658710062,8803581202427,Rock; Pop,K-pop; K-Rock,https://www.discogs.com/release/23001062,"[{""position"": ""1"", ""title"": ""Intro : Save Us"", ""duration"": ""1:01"", ""type"": ""track""}, {""position"": ""2"", ""title"": ""Locked Inside A Door"", ""duration"": ""3:07"", ""type"": ""track""}, {""position"": ""3"", ""title"": ""Maison"", ""duration"": ""3:06"", ""type"": ""track""}, {""position"": ""4"", ""title"": ""Starlight"", ""duration"": ""3:19"", ""type"": ""track""}, {""position"": ""5"", ""title"": ""Together"", ""duration"": ""3:44"", ""type"": ""track""}, {""position"": ""6"", ""title"": ""널 위해 (Always)"", ""duration"": ""4:30"", ""type"": ""track""}, {""position"": ""7"", ""title"": ""Skit : The Seven Doors"", ""duration"": ""1:46"", ""type"": ""track""}, {""position"": ""8"", ""title"": ""Cherry (Real Miracle)"", ""duration"": ""3:15"", ""type"": ""track""}, {""position"": ""9"", ""title"": ""No Dot"", ""duration"": ""3:20"", ""type"": ""track""}, {""position"": ""10"", ""title"": ""황흘경 (极夜)"", ""duration"": ""3:33"", ""type"": ""track""}, {""position"": ""11"", ""title"": ""한겨울 (寒冬)"", ""duration"": ""3:52"", ""type"": ""track""}, {""position"": ""12"", ""title"": ""For"", ""duration"": ""3:45"", ""type"": ""track""}, {""position"": ""13"", ""title"": ""Beauty Full"", ""duration"": ""3:04"", ""type"": ""track""}, {""position"": ""14"", ""title"": ""Playground"", ""duration"": ""3:01"", ""type"": ""track""}]"
Dreamcatcher (13),Apocalypse : Save Us,23001065,2607905,2022,South Korea,2022-04-12,CD (Album),Dreamcatcher Company; Sony Music; Dreamcatcher Company; Sony Music,S91242C; S91242C; 19658710062; 19658710062,8803581202427,Rock; Pop,K-pop; K-Rock,https://www.discogs.com/release/23001065,"[{""position"": ""1"", ""title"": ""Intro : Save Us"", ""duration"": ""1:01"", ""type"": ""track""}, {""position"": ""2"", ""title"": ""Locked Inside A Door"", ""duration"": ""3:07"", ""type"": ""track""}, {""position"": ""3"", ""title"": ""Maison"", ""duration"": ""3:06"", ""type"": ""track""}, {""position"": ""4"", ""title"": ""Starlight"", ""duration"": ""3:19"", ""type"": ""track""}, {""position"": ""5"", ""title"": ""Together"", ""duration"": ""3:44"", ""type"": ""track""}, {""position"": ""6"", ""title"": ""널 위해 (Always)"", ""duration"": ""4:30"", ""type"": ""track""}, {""position"": ""7"", ""title"": ""Skit : The Seven Doors"", ""duration"": ""1:46"", ""type"": ""track""}, {""position"": ""8"", ""title"": ""Cherry (Real Miracle)"", ""duration"": ""3:15"", ""type"": ""track""}, {""position"": ""9"", ""title"": ""No Dot"", ""duration"": ""3:20"", ""type"": ""track""}, {""position"": ""10"", ""title"": ""황흘경 (极夜)"", ""duration"": ""3:33"", ""type"": ""track""}, {""position"": ""11"", ""title"": ""한겨울 (寒冬)"", ""duration"": ""3:52"", ""type"": ""track""}, {""position"": ""12"", ""title"": ""For"", ""duration"": ""3:45"", ""type"": ""track""}, {""position"": ""13"", ""title"": ""Beauty Full"", ""duration"": ""3:04"", ""type"": ""track""}, {""position"": ""14"", ""title"": ""Playground"", ""duration"": ""3:01"", ""type"": ""track""}]"
Dreamcatcher (13),Apocalypse : Save Us,22999859,2607905,2022,South Korea,2022-04-12,"CD (Album, Limited Edition)",Dreamcatcher Company; Sony Music; Dreamcatcher Company; Sony Music,S91243C; S91243C; 19658710072; 19658710072,8 803581 20243 4; 8803581202434,Rock; Pop,K-pop; K-Rock,https://www.discogs.com/release/22999859,"[{""position"": ""1"", ""title"": ""Intro : Save Us"", ""duration"": ""1:01"", ""type"": ""track""}, {""position"": ""2"", ""title"": ""Locked Inside A Door"", ""duration"": ""3:07"", ""type"": ""track""}, {""position"": ""3"", ""title"": ""Maison"", ""duration"": ""3:06"", ""type"": ""track""}, {""position"": ""4"", ""title"": ""Starlight"", ""duration"": ""3:19"", ""type"": ""track""}, {""position"": ""5"", ""title"": ""Together"", ""duration"": ""3:44"", ""type"": ""track""}, {""position"": ""6"", ""title"": ""널 위해 (Always)"", ""duration"": ""4:30"", ""type"": ""track""}, {""position"": ""7"", ""title"": ""Skit : The Seven Doors"", ""duration"": ""1:46"", ""type"": ""track""}, {""position"": ""8"", ""title"": ""Cherry (Real Miracle)"", ""duration"": ""3:15"", ""type"": ""track""}, {""position"": ""9"", ""title"": ""No Dot"", ""duration"": ""3:20"", ""type"": ""track""}, {""position"": ""10"", ""title"": ""황흘경 (极夜)"", ""duration"": ""3:33"", ""type"": ""track""}, {""position"": ""11"", ""title"": ""한겨울 (寒冬)"", ""duration"": ""3:52"", ""type"": ""track""}, {""position"": ""12"", ""title"": ""For"", ""duration"": ""3:45"", ""type"": ""track""}, {""position"": ""13"", ""title"": ""Beauty Full"", ""duration"": ""3:04"", ""type"": ""track""}, {""position"": ""14"", ""title"": ""Playground"", ""duration"": ""3:01"", ""type"": ""track""}]"
Dreamcatcher (13),Apocalypse : Follow Us,25443460,2833106,2022,South Korea,2022-10-11,CD (Mini-Album),Dreamcatcher Company; Dreamcatcher Company; Sony Music; Sony Music,S91267C; 19658772192; S91267C; 19658772192,8803581202670,Rock; Pop,K-Rock; K-pop,https://www.discogs.com/release/25443460,"[{""position"": ""1"", ""title"": ""Intro : Chaotical X"", ""duration"": ""1:12"", ""type"": ""track""}, {""position"": ""2"", ""title"": ""Vision"", ""duration"": ""3:09"", ""type"": ""track""}, {""position"": ""3"", ""title"": ""Fairytale"", ""duration"": ""3:51"", ""type"": ""track""}, {""position"": ""4"", ""title"": ""Some Love"", ""duration"": ""2:52"", ""type"": ""track""}, {""position"": ""5"", ""title"": ""이 비가 그칠 때면 (Rainy Day)"", ""duration"": ""3:37"", ""type"": ""track""}, {""position"": ""6"", ""title"": ""Outro : Mother Nature"", ""duration"": ""1:11"", ""type"": ""track""}]"
Dreamcatcher (13),Apocalypse : Follow Us,24901898,2833106,2022,South Korea,2022-10-11,"CD (Mini-Album, Limited Edition)",Dreamcatcher Company; Dreamcatcher Company; Sony Music; Sony Music,S91268C; 19658772202; S91268C; 19658772202,8803581202687,Rock; Pop,K-Rock; K-pop,https://www.discogs.com/release/24901898,"[{""position"": ""1"", ""title"": ""Intro : Chaotical X"", ""duration"": ""1:12"", ""type"": ""track""}, {""position"": ""2"", ""title"": ""Vision"", ""duration"": ""3:09"", ""type"": ""track""}, {""position"": ""3"", ""title"": ""Fairytale"", ""duration"": ""3:51"", ""type"": ""track""}, {""position"": ""4"", ""title"": ""Some Love"", ""duration"": ""2:52"", ""type"": ""track""}, {""position"": ""5"", ""title"": ""이 비가 그칠 때면 (Rainy Day)"", ""duration"": ""3:37"", ""type"": ""track""}, {""position"": ""6"", ""title"": ""Outro : Mother Nature"", ""duration"": ""1:11"", ""type"": ""track""}]"
Dreamcatcher (13),Apocalypse : Follow Us,24771596,2833106,2022,South Korea,2022-10-11,CD (Mini-Album),Dreamcatcher Company; Dreamcatcher Company; Sony Music; Sony Music,S91267C; 19658772192; S91267C; 19658772192,8803581202670,Electronic; Rock; Pop,Dance-pop; Ballad; K-pop,https://www.discogs.com/release/24771596,"[{""position"": ""1"", ""title"": ""Intro : Chaotical X"", ""duration"": ""1:12"", ""type"": ""track""}, {""position"": ""2"", ""title"": ""Vision"", ""duration"": ""3:09"", ""type"": ""track""}, {""position"": ""3"", ""title"": ""Fairytale"", ""duration"": ""3:51"", ""type"": ""track""}, {""position"": ""4"", ""title"": ""Some Love"", ""duration"": ""2:52"", ""type"": ""track""}, {""position"": ""5"", ""title"": ""이 비가 그칠 때면 (Rainy Day)"", ""duration"": ""3:37"", ""type"": ""track""}, {""position"": ""6"", ""title"": ""Outro : Mother Nature"", ""duration"": ""1:11"", ""type"": ""track""}]"
Dreamcatcher (13),Apocalypse : From Us,28625431,3119436,2023,South Korea,2023-05-24,CD (Mini-Album),Dreamcatcher Company,L200002672,8804775 255779; 8804775255779,Rock; Pop,K-Rock; K-pop,https://www.discogs.com/release/28625431,"[{""position"": ""1"", ""title"": ""Intro : From Us"", ""duration"": ""1:10"", ""type"": ""track""}, {""position"": ""2"", ""title"": ""Bonvoyage"", ""duration"": ""3:35"", ""type"": ""track""}, {""position"": ""3"", ""title"": ""Demian"", ""duration"": ""3:02"", ""type"": ""track""}, {""position"": ""4"", ""title"": ""Propose"", ""duration"": ""3:15"", ""type"": ""track""}, {""position"": ""5"", ""title"": ""To. You"", ""duration"": ""3:25"", ""type"": ""track""}]"
Dreamcatcher (13),Apocalypse : From Us,27267837,3119436,2023,South Korea,2023-05-24,"CD (Mini-Album, Limited Edition)",Dreamcatcher Company,L200002673,8804775255786,Rock; Pop,K-pop; K-Rock,https://www.discogs.com/release/27267837,"[{""position"": ""1"", ""title"": ""Intro : From Us"", ""duration"": ""1:10"", ""type"": ""track""}, {""position"": ""2"", ""title"": ""Bonvoyage"", ""duration"": ""3:35"", ""type"": ""track""}, {""position"": ""3"", ""title"": ""Demian"", ""duration"": ""3:02"", ""type"": ""track""}, {""position"": ""4"", ""title"": ""Propose"", ""duration"": ""3:15"", ""type"": ""track""}, {""position"": ""5"", ""title"": ""To. You"", ""duration"": ""3:25"", ""type"": ""track""}]"
Dreamcatcher (13),Apocalypse : From Us,27282249,3119436,2023,South Korea,2023-05-24,"File (FLAC, WAV, Mini-Album)",Dreamcatcher Company,none,,Rock; Pop,K-Rock; K-pop,https://www.discogs.com/release/27282249,"[{""position"": ""1"", ""title"": ""Intro : From Us"", ""duration"": ""1:10"", ""type"": ""track""}, {""position"": ""2"", ""title"": ""Bonvoyage"", ""duration"": ""3:35"", ""type"": ""track""}, {""position"": ""3"", ""title"": ""Demian"", ""duration"": ""3:02"", ""type"": ""track""}, {""position"": ""4"", ""title"": ""Propose"", ""duration"": ""3:15"", ""type"": ""track""}, {""position"": ""5"", ""title"": ""To. You"", ""duration"": ""3:25"", ""type"": ""track""}]"
Dreamcatcher (13),Apocalypse : From Us,27260481,3119436,2023,South Korea,2023-05-24,CD (Mini-Album),Dreamcatcher Company,L200002672,8804775 255779; 8804775255779,Rock; Pop,K-Rock; K-pop,https://www.discogs.com/release/27260481,"[{""position"": ""1"", ""title"": ""Intro : From Us"", ""duration"": ""1:10"", ""type"": ""track""}, {""position"": ""2"", ""title"": ""Bonvoyage"", ""duration"": ""3:35"", ""type"": ""track""}, {""position"": ""3"", ""title"": ""Demian"", ""duration"": ""3:02"", ""type"": ""track""}, {""position"": ""4"", ""title"": ""Propose"", ""duration"": ""3:15"", ""type"": ""track""}, {""position"": ""5"", ""title"": ""To. You"", ""duration"": ""3:25"", ""type"": ""track""}]"
Dreamcatcher (13),Versus Villains,29098177,3325195,2023,South Korea,2023-11-22,"CD (Mini-Album, Stereo)",Dreamcatcher Company; kakao Entertainment,L200002819; L200002819,8804775367700,Electronic; Rock; Pop,K-pop; K-Rock; Dance-pop,https://www.discogs.com/release/29098177,"[{""position"": ""1"", ""title"": ""Intro: This My Fashion"", ""duration"": ""1:09"", ""type"": ""track""}, {""position"": ""2"", ""title"": ""OOTD"", ""duration"": ""2:58"", ""type"": ""track""}, {""position"": ""3"", ""title"": ""Rising"", ""duration"": ""3:18"", ""type"": ""track""}, {""position"": ""4"", ""title"": ""Shatter"", ""duration"": ""2:51"", ""type"": ""track""}, {""position"": ""5"", ""title"": ""We Are Young"", ""duration"": ""3:41"", ""type"": ""track""}]"
Dreamcatcher (13),Versus Villains,29098168,3325195,2023,South Korea,2023-11-22,"CD (Mini-Album, Stereo)",Dreamcatcher Company; kakao Entertainment,L200002819; L200002819,8804775367700,Electronic; Rock; Pop,K-pop; K-Rock; Dance-pop,https://www.discogs.com/release/29098168,"[{""position"": ""1"", ""title"": ""Intro: This My Fashion"", ""duration"": ""1:09"", ""type"": ""track""}, {""position"": ""2"", ""title"": ""OOTD"", ""duration"": ""2:58"", ""type"": ""track""}, {""position"": ""3"", ""title"": ""Rising"", ""duration"": ""3:18"", ""type"": ""track""}, {""position"": ""4"", ""title"": ""Shatter"", ""duration"": ""2:51"", ""type"": ""track""}, {""position"": ""5"", ""title"": ""We Are Young"", ""duration"": ""3:41"", ""type"": ""track""}]"
Dreamcatcher (13),Versus Villains,29079676,3325195,2023,South Korea,2023-11-22,"CD (Mini-Album, Stereo)",Dreamcatcher Company; kakao Entertainment,L200002819; L200002819,8804775367700,Electronic; Rock; Pop,K-pop; K-Rock; Dance-pop,https://www.discogs.com/release/29079676,"[{""position"": ""1"", ""title"": ""Intro: This My Fashion"", ""duration"": ""1:09"", ""type"": ""track""}, {""position"": ""2"", ""title"": ""OOTD"", ""duration"": ""2:58"", ""type"": ""track""}, {""position"": ""3"", ""title"": ""Rising"", ""duration"": ""3:18"", ""type"": ""track""}, {""position"": ""4"", ""title"": ""Shatter"", ""duration"": ""2:51"", ""type"": ""track""}, {""position"": ""5"", ""title"": ""We Are Young"", ""duration"": ""3:41"", ""type"": ""track""}]"
Dreamcatcher (13),Versus Villains,29098171,3325195,2023,South Korea,2023-11-22,"CD (Mini-Album, Stereo)",Dreamcatcher Company; kakao Entertainment,L200002819; L200002819,8804775367700,Electronic; Rock; Pop,K-pop; K-Rock; Dance-pop,https://www.discogs.com/release/29098171,"[{""position"": ""1"", ""title"": ""Intro: This My Fashion"", ""duration"": ""1:09"", ""type"": ""track""}, {""position"": ""2"", ""title"": ""OOTD"", ""duration"": ""2:58"", ""type"": ""track""}, {""position"": ""3"", ""title"": ""Rising"", ""duration"": ""3:18"", ""type"": ""track""}, {""position"": ""4"", ""title"": ""Shatter"", ""duration"": ""2:51"", ""type"": ""track""}, {""position"": ""5"", ""title"": ""We Are Young"", ""duration"": ""3:41"", ""type"": ""track""}]"
Dreamcatcher (13),Versus Villains,29078383,3325195,2023,South Korea,2023-11-22,"CD (Mini-Album, Limited Edition, Stereo)",Dreamcatcher Company; kakao Entertainment,L200002820; L200002820,8804775367717,Electronic; Rock; Pop,K-pop; K-Rock; Dance-pop,https://www.discogs.com/release/29078383,"[{""position"": ""1"", ""title"": ""Intro: This My Fashion"", ""duration"": ""1:09"", ""type"": ""track""}, {""position"": ""2"", ""title"": ""OOTD"", ""duration"": ""2:58"", ""type"": ""track""}, {""position"": ""3"", ""title"": ""Rising"", ""duration"": ""3:18"", ""type"": ""track""}, {""position"": ""4"", ""title"": ""Shatter"", ""duration"": ""2:51"", ""type"": ""track""}, {""position"": ""5"", ""title"": ""We Are Young"", ""duration"": ""3:41"", ""type"": ""track""}]"
Dreamcatcher (13),VirtuouS,33219621,3760506,2024,South Korea,2024-07-10,CD (Mini-Album),Dreamcatcher Company,L200003024,8804775450716,Rock; Pop,K-Rock; K-pop,https://www.discogs.com/release/33219621,"[{""position"": ""1"", ""title"": ""Intro : 7' Dreamcatcher"", ""duration"": ""3:55"", ""type"": ""track""}, {""position"": ""2"", ""title"": ""Justice"", ""duration"": ""2:59"", ""type"": ""track""}, {""position"": ""3"", ""title"": ""StΦmp!"", ""duration"": ""3:03"", ""type"": ""track""}, {""position"": ""4"", ""title"": ""2 Rings"", ""duration"": ""2:47"", ""type"": ""track""}, {""position"": ""5"", ""title"": ""Fireflies"", ""duration"": ""4:11"", ""type"": ""track""}]"
Dreamcatcher (13),VirtuouS,31346452,3760506,2024,South Korea,2024-07-10,"CD (Mini-Album, Limited Edition)",Dreamcatcher Company,L200003025,8804775450723,Rock; Pop,K-pop; K-Rock,https://www.discogs.com/release/31346452,"[{""position"": ""1"", ""title"": ""Intro : 7' Dreamcatcher"", ""duration"": ""3:55"", ""type"": ""track""}, {""position"": ""2"", ""title"": ""Justice"", ""duration"": ""2:59"", ""type"": ""track""}, {""position"": ""3"", ""title"": ""StΦmp!"", ""duration"": ""3:03"", ""type"": ""track""}, {""position"": ""4"", ""title"": ""2 Rings"", ""duration"": ""2:47"", ""type"": ""track""}, {""position"": ""5"", ""title"": ""Fireflies"", ""duration"": ""4:11"", ""type"": ""track""}]"
Dreamcatcher (13),VirtuouS,34973042,3760506,2024,South Korea,2024-07-10,CD (Mini-Album),Dreamcatcher Company,L200003024,8804775450716,Rock; Pop,K-pop; K-Rock,https://www.discogs.com/release/34973042,"[{""position"": ""1"", ""title"": ""Intro : 7' Dreamcatcher"", ""duration"": ""3:55"", ""type"": ""track""}, {""position"": ""2"", ""title"": ""Justice"", ""duration"": ""2:59"", ""type"": ""track""}, {""position"": ""3"", ""title"": ""StΦmp!"", ""duration"": ""3:03"", ""type"": ""track""}, {""position"": ""4"", ""title"": ""2 Rings"", ""duration"": ""2:47"", ""type"": ""track""}, {""position"": ""5"", ""title"": ""Fireflies"", ""duration"": ""4:11"", ""type"": ""track""}]"
Dreamcatcher (13),VirtuouS,38068899,3760506,2024,South Korea,2024-07-10,CD (Mini-Album),Dreamcatcher Company,L200003024,8804775450716,Rock; Pop,K-Rock; K-pop,https://www.discogs.com/release/38068899,"[{""position"": ""1"", ""title"": ""Intro : 7' Dreamcatcher"", ""duration"": ""3:55"", ""type"": ""track""}, {""position"": ""2"", ""title"": ""Justice"", ""duration"": ""2:59"", ""type"": ""track""}, {""position"": ""3"", ""title"": ""StΦmp!"", ""duration"": ""3:03"", ""type"": ""track""}, {""position"": ""4"", ""title"": ""2 Rings"", ""duration"": ""2:47"", ""type"": ""track""}, {""position"": ""5"", ""title"": ""Fireflies"", ""duration"": ""4:11"", ""type"": ""track""}]"
Dreamcatcher (13),VirtuouS,35811433,3760506,2024,South Korea,2024-07-10,CD (Mini-Album),Dreamcatcher Company,L200003024,8804775450716,Rock,K-Rock; K-pop,https://www.discogs.com/release/35811433,"[{""position"": ""1"", ""title"": ""Intro : 7' Dreamcatcher"", ""duration"": ""3:55"", ""type"": ""track""}, {""position"": ""2"", ""title"": ""Justice"", ""duration"": ""2:59"", ""type"": ""track""}, {""position"": ""3"", ""title"": ""StΦmp!"", ""duration"": ""3:03"", ""type"": ""track""}, {""position"": ""4"", ""title"": ""2 Rings"", ""duration"": ""2:47"", ""type"": ""track""}, {""position"": ""5"", ""title"": ""Fireflies"", ""duration"": ""4:11"", ""type"": ""track""}]"
Dreamcatcher (13),Eclipse,18126343,2057356,2021,Japan,2021-03-24,"CD (Single); DVD (DVD-Video, NTSC); All Media (Limited Edition)",Pony Canyon,PCCA-06016,4 988013 841772,Rock; Pop; Stage & Screen,Heavy Metal; Pop Rock; J-Rock; Anison; Theme,https://www.discogs.com/release/18126343,"[{""position"": ""CD-1"", ""title"": ""Eclipse"", ""duration"": ""3:24"", ""type"": ""track""}, {""position"": ""CD-2"", ""title"": ""No More"", ""duration"": ""3:17"", ""type"": ""track""}, {""position"": ""CD-3"", ""title"": ""Eclipse (Instrumental)"", ""duration"": ""3:29"", ""type"": ""track""}, {""position"": ""CD-4"", ""title"": ""No More (Instrumental)"", ""duration"": ""3:23"", ""type"": ""track""}, {""position"": ""DVD-1"", ""title"": ""No More Music Video"", ""duration"": ""3:18"", ""type"": ""track""}, {""position"": ""DVD-2"", ""title"": ""Eclipse Recording Making"", ""duration"": ""16:16"", ""type"": ""track""}, {""position"": ""DVD-3"", ""title"": ""Eclipse Jacket Making"", ""duration"": ""3:34"", ""type"": ""track""}]"
Dreamcatcher (13),Eclipse,18125371,2057356,2021,Japan,2021-03-24,CD (Single),Pony Canyon,PCCA-06017,4 988013 841871; 4988013841871,Rock; Pop; Stage & Screen,Heavy Metal; Pop Rock; Anison; Theme,https://www.discogs.com/release/18125371,"[{""position"": ""1"", ""title"": ""Eclipse"", ""duration"": ""3:24"", ""type"": ""track""}, {""position"": ""2"", ""title"": ""No More"", ""duration"": ""3:17"", ""type"": ""track""}, {""position"": ""3"", ""title"": ""Don't Light My Fire"", ""duration"": ""3:29"", ""type"": ""track""}, {""position"": ""4"", ""title"": ""Eclipse (Instrumental)"", ""duration"": ""3:23"", ""type"": ""track""}, {""position"": ""5"", ""title"": ""No More (Instrumental)"", ""duration"": ""3:17"", ""type"": ""track""}, {""position"": ""6"", ""title"": ""Don't Light My Fire (Instrumental)"", ""duration"": ""3:29"", ""type"": ""track""}]"
(G)I-DLE,I Am,12297288,3096000,2018,South Korea,2018-05-03,CD (Mini-Album),Cube Entertainment; Loen Entertainment,L200001572; L200001572,8804775091964,Pop,K-pop,https://www.discogs.com/release/12297288,"[{""position"": ""1"", ""title"": ""Latata"", ""duration"": ""3:22"", ""type"": ""track""}, {""position"": ""2"", ""title"": ""달라 ($$$)"", ""duration"": ""3:31"", ""type"": ""track""}, {""position"": ""3"", ""title"": ""Maze"", ""duration"": ""3:20"", ""type"": ""track""}, {""position"": ""4"", ""title"": ""Don't Text Me"", ""duration"": ""3:36"", ""type"": ""track""}, {""position"": ""5"", ""title"": ""알고 싶어"", ""duration"": ""3:27"", ""type"": ""track""}, {""position"": ""6"", ""title"": ""들어줘요"", ""duration"": ""3:56"", ""type"": ""track""}]"
(G)I-DLE,I Made,13491305,3096003,2019,South Korea,2019-02-26,CD (Mini-Album),Kakao M; Cube Entertainment,L200001723; L200001723,8804775121609,Pop,K-pop,https://www.discogs.com/release/13491305,"[{""position"": ""1"", ""title"": ""Senorita"", ""duration"": ""3:17"", ""type"": ""track""}, {""position"": ""2"", ""title"": ""What's Your Name"", ""duration"": ""3:09"", ""type"": ""track""}, {""position"": ""3"", ""title"": ""싫다고 말해"", ""duration"": ""3:56"", ""type"": ""track""}, {""position"": ""4"", ""title"": ""주세요"", ""duration"": ""3:40"", ""type"": ""track""}, {""position"": ""5"", ""title"": ""Blow Your Mind"", ""duration"": ""2:49"", ""type"": ""track""}]"
(G)I-DLE,I Trust,15411946,1775272,2020,South Korea,2020-04-07,CD (Mini-Album),Cube Entertainment,L200001927,8804775141232,Electronic; Hip Hop; Pop,K-pop,https://www.discogs.com/release/15411946,"[{""position"": ""1"", ""title"": ""Oh My God"", ""duration"": ""3:16"", ""type"": ""track""}, {""position"": ""2"", ""title"": ""사랑해 (Luv U)"", ""duration"": ""3:34"", ""type"": ""track""}, {""position"": ""3"", ""title"": ""Maybe"", ""duration"": ""3:01"", ""type"": ""track""}, {""position"": ""4"", ""title"": ""Lion"", ""duration"": ""3:31"", ""type"": ""track""}, {""position"": ""5"", ""title"": ""Oh My God (English Ver.) "", ""duration"": ""3:16"", ""type"": ""track""}]"
(G)I-DLE,I Trust,15626632,1775272,2020,South Korea,2020-04-07,CD (Mini-Album),Cube Entertainment,L200001926,8804775141225,Electronic; Hip Hop; Pop,K-pop,https://www.discogs.com/release/15626632,"[{""position"": ""1"", ""title"": ""Oh My God"", ""duration"": ""3:16"", ""type"": ""track""}, {""position"": ""2"", ""title"": ""사랑해 (Luv U)"", ""duration"": ""3:34"", ""type"": ""track""}, {""position"": ""3"", ""title"": ""Maybe"", ""duration"": ""3:01"", ""type"": ""track""}, {""position"": ""4"", ""title"": ""Lion"", ""duration"": ""3:31"", ""type"": ""track""}, {""position"": ""5"", ""title"": ""Oh My God (English Ver.) "", ""duration"": ""3:16"", ""type"": ""track""}]"
(G)I-DLE,I Burn,17068833,1938195,2021,South Korea,2021-01-11,CD (Mini-Album),Cube Entertainment,L200002078,8804775 154782,Pop,K-pop,https://www.discogs.com/release/17068833,"[{""position"": ""1"", ""title"": ""한 (寒) (Alone In Winter)"", ""duration"": ""2:55"", ""type"": ""track""}, {""position"": ""2"", ""title"": ""화(火花) (Hwaa)"", ""duration"": ""3:17"", ""type"": ""track""}, {""position"": ""3"", ""title"": ""Moon"", ""duration"": ""3:20"", ""type"": ""track""}, {""position"": ""4"", ""title"": ""Where Is Love"", ""duration"": ""2:57"", ""type"": ""track""}, {""position"": ""5"", ""title"": ""Lost"", ""duration"": ""3:01"", ""type"": ""track""}, {""position"": ""6"", ""title"": ""Dahlia"", ""duration"": ""3:10"", ""type"": ""track""}]"
(G)I-DLE,I Never Die,24767405,2599034,2022,South Korea,2022-03-14,CD (Album),Cube Entertainment; kakao Entertainment,L200002329; L200002329,8804775250422,Hip Hop; Rock; Pop,K-pop; Pop Rock,https://www.discogs.com/release/24767405,"[{""position"": ""1"", ""title"": ""Tomboy"", ""duration"": ""2:55"", ""type"": ""track""}, {""position"": ""2"", ""title"": ""말리지 마\t"", ""duration"": ""2:25"", ""type"": ""track""}, {""position"": ""3"", ""title"": ""Villain Dies"", ""duration"": ""3:05"", ""type"": ""track""}, {""position"": ""4"", ""title"": ""Already"", ""duration"": ""3:25"", ""type"": ""track""}, {""position"": ""5"", ""title"": ""Polaroid"", ""duration"": ""3:40"", ""type"": ""track""}, {""position"": ""6"", ""title"": ""Escape"", ""duration"": ""3:29"", ""type"": ""track""}, {""position"": ""7"", ""title"": ""Liar"", ""duration"": ""2:52"", ""type"": ""track""}, {""position"": ""8"", ""title"": ""My Bag"", ""duration"": ""2:41"", ""type"": ""track""}, {""position"": ""9"", ""title"": ""Tomboy (CD Only)"", ""duration"": ""2:55"", ""type"": ""track""}]"
(G)I-DLE,I Never Die,22977395,2599034,2022,South Korea,2022-03-14,CD (Album),Cube Entertainment; kakao Entertainment,L200002329; L200002329,8804775250422,Hip Hop; Rock; Pop,K-pop; Pop Rock,https://www.discogs.com/release/22977395,"[{""position"": ""1"", ""title"": ""Tomboy"", ""duration"": ""2:55"", ""type"": ""track""}, {""position"": ""2"", ""title"": ""말리지 마\t"", ""duration"": ""2:25"", ""type"": ""track""}, {""position"": ""3"", ""title"": ""Villain Dies"", ""duration"": ""3:05"", ""type"": ""track""}, {""position"": ""4"", ""title"": ""Already"", ""duration"": ""3:25"", ""type"": ""track""}, {""position"": ""5"", ""title"": ""Polaroid"", ""duration"": ""3:40"", ""type"": ""track""}, {""position"": ""6"", ""title"": ""Escape"", ""duration"": ""3:29"", ""type"": ""track""}, {""position"": ""7"", ""title"": ""Liar"", ""duration"": ""2:52"", ""type"": ""track""}, {""position"": ""8"", ""title"": ""My Bag"", ""duration"": ""2:41"", ""type"": ""track""}, {""position"": ""9"", ""title"": ""Tomboy (CD Only)"", ""duration"": ""2:55"", ""type"": ""track""}]"
(G)I-DLE,I Love,28367194,2840182,2022,South Korea,2022-10-18,CD (Mini-Album),Cube Entertainment,L200002495,8804775252808,Pop,K-pop,https://www.discogs.com/release/28367194,"[{""position"": ""1"", ""title"": ""Nxde"", ""duration"": ""2:58"", ""type"": ""track""}, {""position"": ""2"", ""title"": ""Love"", ""duration"": ""3:17"", ""type"": ""track""}, {""position"": ""3"", ""title"": ""Change"", ""duration"": ""3:24"", ""type"": ""track""}, {""position"": ""4"", ""title"": ""Reset"", ""duration"": ""3:02"", ""type"": ""track""}, {""position"": ""5"", ""title"": ""조각품"", ""duration"": ""3:06"", ""type"": ""track""}, {""position"": ""6"", ""title"": ""Dark (X-file)"", ""duration"": ""2:45"", ""type"": ""track""}]"
(G)I-DLE,I Love,24958648,2840182,2022,South Korea,2022-10-21,CD (Mini-Album),Cube Entertainment,L200002461,192641873195,Rock; Pop,K-pop; Pop Rock; Pop Rap; Power Pop; Vocal,https://www.discogs.com/release/24958648,"[{""position"": ""1"", ""title"": ""Nxde"", ""duration"": ""2:58"", ""type"": ""track""}, {""position"": ""2"", ""title"": ""Love"", ""duration"": ""3:17"", ""type"": ""track""}, {""position"": ""3"", ""title"": ""Change"", ""duration"": ""3:24"", ""type"": ""track""}, {""position"": ""4"", ""title"": ""Reset"", ""duration"": ""3:02"", ""type"": ""track""}, {""position"": ""5"", ""title"": ""조각품"", ""duration"": ""3:06"", ""type"": ""track""}, {""position"": ""6"", ""title"": ""Dark (X-file)"", ""duration"": ""2:45"", ""type"": ""track""}]"
(G)I-DLE,I Feel,33120519,3120933,2023,South Korea,2023-05-19,CD (Mini-Album),Cube Entertainment,L200002589,8804775254710,Pop,K-pop,https://www.discogs.com/release/33120519,"[{""position"": ""1"", ""title"": ""퀸카 (Queencard)"", ""duration"": ""2:42"", ""type"": ""track""}, {""position"": ""2"", ""title"": ""Allergy"", ""duration"": ""2:44"", ""type"": ""track""}, {""position"": ""3"", ""title"": ""Lucid"", ""duration"": ""2:57"", ""type"": ""track""}, {""position"": ""4"", ""title"": ""All Night"", ""duration"": ""2:27"", ""type"": ""track""}, {""position"": ""5"", ""title"": ""Paradise"", ""duration"": ""3:10"", ""type"": ""track""}, {""position"": ""6"", ""title"": ""어린 어른"", ""duration"": ""3:11"", ""type"": ""track""}]"
(G)I-DLE,I feel,31867331,3120933,2023,South Korea,2023-05-19,CD (Mini-Album),Cube Entertainment,196922330315,196922330315,Pop,K-pop,https://www.discogs.com/release/31867331,"[{""position"": ""1"", ""title"": ""Queencard"", ""duration"": """", ""type"": ""track""}, {""position"": ""2"", ""title"": ""Allergy"", ""duration"": """", ""type"": ""track""}, {""position"": ""3"", ""title"": ""Lucid"", ""duration"": """", ""type"": ""track""}, {""position"": ""4"", ""title"": ""All Night"", ""duration"": """", ""type"": ""track""}, {""position"": ""5"", ""title"": ""Paradise"", ""duration"": """", ""type"": ""track""}, {""position"": ""6"", ""title"": ""Peter Pan"", ""duration"": """", ""type"": ""track""}]"
(G)I-DLE,I Feel,27653757,3120933,2023,South Korea,2023-05-19,CD (Mini-Album),Cube Entertainment,GIDLE208T,8804775251703,Rock; Pop,K-pop; Pop Rock; Power Pop; Dance-pop; Alt-Pop,https://www.discogs.com/release/27653757,"[{""position"": ""1"", ""title"": ""퀸카 (Queencard)"", ""duration"": ""2:42"", ""type"": ""track""}, {""position"": ""2"", ""title"": ""Allergy"", ""duration"": ""2:44"", ""type"": ""track""}, {""position"": ""3"", ""title"": ""Lucid"", ""duration"": ""2:57"", ""type"": ""track""}, {""position"": ""4"", ""title"": ""All Night"", ""duration"": ""2:27"", ""type"": ""track""}, {""position"": ""5"", ""title"": ""Paradise"", ""duration"": ""3:10"", ""type"": ""track""}, {""position"": ""6"", ""title"": ""어린 어른"", ""duration"": ""3:11"", ""type"": ""track""}]"
(G)I-DLE,2,30052297,3407131,2024,South Korea,2024-01-30,CD (Album),Cube Entertainment; kakao Entertainment,L200002851; L200002851,8804775368240,Rock; Pop,K-pop; Dance-pop; Power Pop; Pop Rock,https://www.discogs.com/release/30052297,"[{""position"": ""1"", ""title"": ""Super Lady"", ""duration"": ""2:32"", ""type"": ""track""}, {""position"": ""2"", ""title"": ""Revenge"", ""duration"": ""2:24"", ""type"": ""track""}, {""position"": ""3"", ""title"": ""Doll"", ""duration"": ""2:33"", ""type"": ""track""}, {""position"": ""4"", ""title"": ""Vision"", ""duration"": ""2:40"", ""type"": ""track""}, {""position"": ""5"", ""title"": ""7Days"", ""duration"": ""3:18"", ""type"": ""track""}, {""position"": ""6"", ""title"": ""나는 아픈 건 딱 질색이니까"", ""duration"": ""2:41"", ""type"": ""track""}, {""position"": ""7"", ""title"": ""Rollie"", ""duration"": ""2:43"", ""type"": ""track""}, {""position"": ""8"", ""title"": ""Wife"", ""duration"": ""2:01"", ""type"": ""track""}]"
(G)I-DLE,2,30533299,3407131,2024,South Korea,2024-01-30,CD (Album),Cube Entertainment; kakao Entertainment,L200002852; L200002852,8804775368257,Rock; Pop,K-pop; Dance-pop; Power Pop; Pop Rock,https://www.discogs.com/release/30533299,"[{""position"": ""1"", ""title"": ""Super Lady"", ""duration"": ""2:32"", ""type"": ""track""}, {""position"": ""2"", ""title"": ""Revenge"", ""duration"": ""2:24"", ""type"": ""track""}, {""position"": ""3"", ""title"": ""Doll"", ""duration"": ""2:33"", ""type"": ""track""}, {""position"": ""4"", ""title"": ""Vision"", ""duration"": ""2:40"", ""type"": ""track""}, {""position"": ""5"", ""title"": ""7Days"", ""duration"": ""3:18"", ""type"": ""track""}, {""position"": ""6"", ""title"": ""나는 아픈 건 딱 질색이니까"", ""duration"": ""2:41"", ""type"": ""track""}, {""position"": ""7"", ""title"": ""Rollie"", ""duration"": ""2:43"", ""type"": ""track""}, {""position"": ""8"", ""title"": ""Wife"", ""duration"": ""2:01"", ""type"": ""track""}]"
(G)I-DLE,2,30533032,3407131,2024,South Korea,2024-01-30,CD (Album),Cube Entertainment; kakao Entertainment,L200002851; L200002851,8804775368240,Rock; Pop,K-pop; Dance-pop; Power Pop; Pop Rock,https://www.discogs.com/release/30533032,"[{""position"": ""1"", ""title"": ""Super Lady"", ""duration"": ""2:32"", ""type"": ""track""}, {""position"": ""2"", ""title"": ""Revenge"", ""duration"": ""2:24"", ""type"": ""track""}, {""position"": ""3"", ""title"": ""Doll"", ""duration"": ""2:33"", ""type"": ""track""}, {""position"": ""4"", ""title"": ""Vision"", ""duration"": ""2:40"", ""type"": ""track""}, {""position"": ""5"", ""title"": ""7Days"", ""duration"": ""3:18"", ""type"": ""track""}, {""position"": ""6"", ""title"": ""나는 아픈 건 딱 질색이니까"", ""duration"": ""2:41"", ""type"": ""track""}, {""position"": ""7"", ""title"": ""Rollie"", ""duration"": ""2:43"", ""type"": ""track""}, {""position"": ""8"", ""title"": ""Wife"", ""duration"": ""2:01"", ""type"": ""track""}]"
(G)I-DLE,2,32565579,3407131,2024,South Korea,2024-01-29,"File (FLAC, Album)",Cube Entertainment,291,8804775368431,Electronic; Rock; Pop,K-pop,https://www.discogs.com/release/32565579,"[{""position"": ""1"", ""title"": ""Super Lady"", ""duration"": ""2:32"", ""type"": ""track""}, {""position"": ""2"", ""title"": ""Revenge"", ""duration"": ""2:24"", ""type"": ""track""}, {""position"": ""3"", ""title"": ""Doll"", ""duration"": ""2:33"", ""type"": ""track""}, {""position"": ""4"", ""title"": ""Vision"", ""duration"": ""2:40"", ""type"": ""track""}, {""position"": ""5"", ""title"": ""7Days"", ""duration"": ""3:18"", ""type"": ""track""}, {""position"": ""6"", ""title"": ""Fate"", ""duration"": ""2:41"", ""type"": ""track""}, {""position"": ""7"", ""title"": ""Rollie"", ""duration"": ""2:43"", ""type"": ""track""}, {""position"": ""8"", ""title"": ""Wife"", ""duration"": ""2:01"", ""type"": ""track""}]"
(G)I-DLE,2,30533194,3407131,2024,South Korea,2024-01-30,CD (Album),Cube Entertainment; kakao Entertainment,L200002851; L200002851,8804775368240,Rock; Pop,K-pop; Dance-pop; Power Pop; Pop Rock,https://www.discogs.com/release/30533194,"[{""position"": ""1"", ""title"": ""Super Lady"", ""duration"": ""2:32"", ""type"": ""track""}, {""position"": ""2"", ""title"": ""Revenge"", ""duration"": ""2:24"", ""type"": ""track""}, {""position"": ""3"", ""title"": ""Doll"", ""duration"": ""2:33"", ""type"": ""track""}, {""position"": ""4"", ""title"": ""Vision"", ""duration"": ""2:40"", ""type"": ""track""}, {""position"": ""5"", ""title"": ""7Days"", ""duration"": ""3:18"", ""type"": ""track""}, {""position"": ""6"", ""title"": ""나는 아픈 건 딱 질색이니까"", ""duration"": ""2:41"", ""type"": ""track""}, {""position"": ""7"", ""title"": ""Rollie"", ""duration"": ""2:43"", ""type"": ""track""}, {""position"": ""8"", ""title"": ""Wife"", ""duration"": ""2:01"", ""type"": ""track""}]"
(G)I-DLE,I SWAY,32770473,3549515,2024,South Korea,2024-07-08,Cassette (Mini-Album),Cube Entertainment,L2200002994,8804775450242,Pop,K-pop,https://www.discogs.com/release/32770473,"[{""position"": ""1"", ""title"": ""Klaxon (클락션)"", ""duration"": ""2:55"", ""type"": ""track""}, {""position"": ""2"", ""title"": ""Last Forever"", ""duration"": ""2:25"", ""type"": ""track""}, {""position"": ""3"", ""title"": ""Bloom"", ""duration"": ""3:14"", ""type"": ""track""}, {""position"": ""4"", ""title"": ""Neverland"", ""duration"": ""2:45"", ""type"": ""track""}]"
(G)I-DLE,I Sway,32391063,3549515,2024,South Korea,2024-07-08,"CD (Mini-Album, Stereo)",Cube Entertainment,L200002993,196922985591; 196922985584,Pop,K-pop,https://www.discogs.com/release/32391063,"[{""position"": ""1"", ""title"": ""클락션 = Klaxon"", ""duration"": """", ""type"": ""track""}, {""position"": ""2"", ""title"": ""Last Forever"", ""duration"": """", ""type"": ""track""}, {""position"": ""3"", ""title"": ""Bloom"", ""duration"": """", ""type"": ""track""}, {""position"": ""4"", ""title"": ""Neverland"", ""duration"": """", ""type"": ""track""}]"
(G)I-DLE,I Sway,31268891,3549515,2024,South Korea,2024-07-08,"CD (Mini-Album, Stereo)",Cube Entertainment,L200002993,8804775450235,Pop,K-pop,https://www.discogs.com/release/31268891,"[{""position"": ""1"", ""title"": ""클락션 = Klaxon"", ""duration"": """", ""type"": ""track""}, {""position"": ""2"", ""title"": ""Last Forever"", ""duration"": """", ""type"": ""track""}, {""position"": ""3"", ""title"": ""Bloom"", ""duration"": """", ""type"": ""track""}, {""position"": ""4"", ""title"": ""Neverland"", ""duration"": """", ""type"": ""track""}]"
(G)I-DLE,I Sway,32470101,3549515,2024,Worldwide,2024-07-08,"File (AAC, Mini-Album)",Cube Entertainment,none,,Pop,K-pop,https://www.discogs.com/release/32470101,"[{""position"": ""1"", ""title"": ""Klaxon"", ""duration"": ""2:55"", ""type"": ""track""}, {""position"": ""2"", ""title"": ""Last Forever"", ""duration"": ""2:25"", ""type"": ""track""}, {""position"": ""3"", ""title"": ""Bloom"", ""duration"": ""3:14"", ""type"": ""track""}, {""position"": ""4"", ""title"": ""Neverland"", ""duration"": ""2:45"", ""type"": ""track""}]"
(G)I-DLE,I Sway,31288613,3549515,2024,South Korea,2024-07-08,"CD (Mini-Album, Stereo)",Cube Entertainment,L200002993,8804775450235,Pop,K-pop,https://www.discogs.com/release/31288613,"[{""position"": ""1"", ""title"": ""클락션 = Klaxon"", ""duration"": """", ""type"": ""track""}, {""position"": ""2"", ""title"": ""Last Forever"", ""duration"": """", ""type"": ""track""}, {""position"": ""3"", ""title"": ""Bloom"", ""duration"": """", ""type"": ""track""}, {""position"": ""4"", ""title"": ""Neverland"", ""duration"": """", ""type"": ""track""}]"
(G)I-DLE,HEAT,38361054,3361018,2023,South Korea,2023-10-06,CD (EP),Cube Entertainment,L200002726,8804775256639,Pop,K-pop,https://www.discogs.com/release/38361054,"[{""position"": ""1"", ""title"": ""I Do"", ""duration"": ""3:10"", ""type"": ""track""}, {""position"": ""2"", ""title"": ""I Want That"", ""duration"": ""2:51"", ""type"": ""track""}, {""position"": ""3"", ""title"": ""Eyes Roll"", ""duration"": ""3:17"", ""type"": ""track""}, {""position"": ""4"", ""title"": ""Flip It"", ""duration"": ""2:56"", ""type"": ""track""}, {""position"": ""5"", ""title"": ""Tall Trees"", ""duration"": ""2:45"", ""type"": ""track""}]"
i-dle,We Are,34132492,3877882,2025,US,2025-05-19,CD (Mini-Album),Cube Entertainment,964164632,4099964164633,Electronic; Pop,K-pop; Dance-pop; Ballad,https://www.discogs.com/release/34132492,"[{""position"": ""1"", ""title"": ""Good Thing*"", ""duration"": """", ""type"": ""track""}, {""position"": ""2"", ""title"": ""Girlfriend "", ""duration"": """", ""type"": ""track""}, {""position"": ""3"", ""title"": ""Love Tease"", ""duration"": """", ""type"": ""track""}, {""position"": ""4"", ""title"": ""Chain"", ""duration"": """", ""type"": ""track""}, {""position"": ""5"", ""title"": ""Unstoppable "", ""duration"": """", ""type"": ""track""}, {""position"": ""6"", ""title"": ""그래도 돼요 (If You Want)"", ""duration"": """", ""type"": ""track""}]"
i-dle,We Are,34256986,3877882,2025,South Korea,2025-05-20,CD (Mini-Album),Cube Entertainment,L200003270,8804775 455278,Pop,Alt-Pop; K-pop,https://www.discogs.com/release/34256986,"[{""position"": ""1"", ""title"": ""Good Thing"", ""duration"": """", ""type"": ""track""}, {""position"": ""2"", ""title"": ""Girlfriend"", ""duration"": """", ""type"": ""track""}, {""position"": ""3"", ""title"": ""Love Tease"", ""duration"": """", ""type"": ""track""}, {""position"": ""4"", ""title"": ""Chain"", ""duration"": """", ""type"": ""track""}, {""position"": ""5"", ""title"": ""Unstoppable"", ""duration"": """", ""type"": ""track""}, {""position"": ""6"", ""title"": ""그래도 돼요"", ""duration"": """", ""type"": ""track""}]"
i-dle,We Are,34256935,3877882,2025,South Korea,2025-05-20,CD (Mini-Album),Cube Entertainment,L200003270,8804775 455278,Pop,Alt-Pop; K-pop,https://www.discogs.com/release/34256935,"[{""position"": ""1"", ""title"": ""Good Thing"", ""duration"": """", ""type"": ""track""}, {""position"": ""2"", ""title"": ""Girlfriend"", ""duration"": """", ""type"": ""track""}, {""position"": ""3"", ""title"": ""Love Tease"", ""duration"": """", ""type"": ""track""}, {""position"": ""4"", ""title"": ""Chain"", ""duration"": """", ""type"": ""track""}, {""position"": ""5"", ""title"": ""Unstoppable"", ""duration"": """", ""type"": ""track""}, {""position"": ""6"", ""title"": ""그래도 돼요"", ""duration"": """", ""type"": ""track""}]"
i-dle,We Are,34070884,3877882,2025,South Korea,2025-05-00,CD (Mini-Album),Cube Entertainment,L200003271,8804775 455285,Pop,K-pop,https://www.discogs.com/release/34070884,"[{""position"": ""1"", ""title"": ""Good Thing"", ""duration"": """", ""type"": ""track""}, {""position"": ""2"", ""title"": ""Girlfriend"", ""duration"": """", ""type"": ""track""}, {""position"": ""3"", ""title"": ""Love Tease"", ""duration"": """", ""type"": ""track""}, {""position"": ""4"", ""title"": ""Chain"", ""duration"": """", ""type"": ""track""}, {""position"": ""5"", ""title"": ""Unstoppable"", ""duration"": """", ""type"": ""track""}, {""position"": ""6"", ""title"": ""그래도 돼요"", ""duration"": """", ""type"": ""track""}]"
i-dle,We Are,34136827,3877882,2025,South Korea,2025-05-20,CD (Mini-Album),Cube Entertainment,L200003270,8804775 455278,Pop,Alt-Pop; K-pop,https://www.discogs.com/release/34136827,"[{""position"": ""1"", ""title"": ""Good Thing"", ""duration"": """", ""type"": ""track""}, {""position"": ""2"", ""title"": ""Girlfriend"", ""duration"": """", ""type"": ""track""}, {""position"": ""3"", ""title"": ""Love Tease"", ""duration"": """", ""type"": ""track""}, {""position"": ""4"", ""title"": ""Chain"", ""duration"": """", ""type"": ""track""}, {""position"": ""5"", ""title"": ""Unstoppable"", ""duration"": """", ""type"": ""track""}, {""position"": ""6"", ""title"": ""그래도 돼요"", ""duration"": """", ""type"": ""track""}]"
i-dle,We Are,35525620,3877882,2025,South Korea,2025-05-19,CD (Mini-Album),Cube Entertainment; Cube Entertainment; BMG; BMG,964164622; 4099964164626; 964164622; 4099964164626,4099964164626,Electronic; Pop,K-pop; Alt-Pop; Dance-pop; Ballad,https://www.discogs.com/release/35525620,"[{""position"": ""1"", ""title"": ""Good Thing"", ""duration"": """", ""type"": ""track""}, {""position"": ""2"", ""title"": ""Girlfriend"", ""duration"": """", ""type"": ""track""}, {""position"": ""3"", ""title"": ""Love Tease"", ""duration"": """", ""type"": ""track""}, {""position"": ""4"", ""title"": ""Chain"", ""duration"": """", ""type"": ""track""}, {""position"": ""5"", ""title"": ""Unstoppable"", ""duration"": """", ""type"": ""track""}, {""position"": ""6"", ""title"": ""그래도 돼요 (If You Want)"", ""duration"": """", ""type"": ""track""}]"
μ's,Snow Halation,33234903,3762141,2024,Japan,2024-03-27,"CD (Single, Limited Edition, Reissue)",Lantis,LACM-34561,4 540774 345618,Pop; Stage & Screen,J-pop; Anison,https://www.discogs.com/release/33234903,"[{""position"": ""1"", ""title"": ""Snow Halation"", ""duration"": ""4:17"", ""type"": ""track""}, {""position"": ""2"", ""title"": ""Baby Maybe 恋のボタン"", ""duration"": ""4:32"", ""type"": ""track""}, {""position"": ""3"", ""title"": ""Snow Halation (Off Vocal)"", ""duration"": ""4:19"", ""type"": ""track""}, {""position"": ""4"", ""title"": ""Baby Maybe 恋のボタン (Off Vocal)"", ""duration"": ""4:33"", ""type"": ""track""}]"
μ's,SUNNY DAY SONG / ?←HEARTBEAT,13394570,,2015,Japan,2015-06-08,"CD (CD-ROM, Maxi-Single)",Lantis,LACM-14362,4540774143627,Pop,J-pop; Karaoke,https://www.discogs.com/release/13394570,"[{""position"": ""1"", ""title"": ""SUNNY DAY SONG"", ""duration"": ""4:47"", ""type"": ""track""}, {""position"": ""2"", ""title"": ""?←HEARTBEAT"", ""duration"": ""3:33"", ""type"": ""track""}, {""position"": ""3"", ""title"": ""SUNNY DAY SONG (Off Vocal)"", ""duration"": ""4:46"", ""type"": ""track""}, {""position"": ""4"", ""title"": ""?←HEARTBEAT (Off Vocal)"", ""duration"": ""3:31"", ""type"": ""track""}]"
μ's,"Angelic Angel / Hello, 星を数えて",13394659,,2015,Japan,2015-06-01,"CD (CD-ROM, Maxi-Single)",Lantis,LACM-14361,4540774143610,Pop,J-pop; Karaoke,https://www.discogs.com/release/13394659,"[{""position"": ""1"", ""title"": ""Angelic Angel"", ""duration"": ""4:59"", ""type"": ""track""}, {""position"": ""2"", ""title"": ""Hello, 星を数えて"", ""duration"": ""4:37"", ""type"": ""track""}, {""position"": ""3"", ""title"": ""Angelic Angel (Off Vocal)"", ""duration"": ""4:58"", ""type"": ""track""}, {""position"": ""4"", ""title"": ""Hello, 星を数えて (Off Vocal)"", ""duration"": ""4:35"", ""type"": ""track""}]"
μ's,僕たちはひとつの光 / Future Style,13394518,,2015,Japan,2015-06-15,"CD (CD-ROM, Maxi-Single)",Lantis,LACM-14363,4540774143634,Pop,J-pop; Karaoke,https://www.discogs.com/release/13394518,"[{""position"": ""1"", ""title"": ""僕たちはひとつの光"", ""duration"": ""4:55"", ""type"": ""track""}, {""position"": ""2"", ""title"": ""Future Style"", ""duration"": ""4:48"", ""type"": ""track""}, {""position"": ""3"", ""title"": ""僕たちはひとつの光 (Off Vocal)"", ""duration"": ""4:55"", ""type"": ""track""}, {""position"": ""4"", ""title"": ""Future Style (Off Vocal)"", ""duration"": ""4:43"", ""type"": ""track""}]"
Uru (4),コントラスト,28908517,3308536,2023,Japan,2023-02-01,"CD (Album); CD (Album, Limited Edition)",SAR (3),AICL 4325~6,4 547366 590647,Pop,J-pop,https://www.discogs.com/release/28908517,"[{""position"": ""1-1"", ""title"": ""それを愛と呼ぶなら"", ""duration"": """", ""type"": ""track""}, {""position"": ""1-2"", ""title"": ""そばにいるよ"", ""duration"": """", ""type"": ""track""}, {""position"": ""1-3"", ""title"": ""恋"", ""duration"": """", ""type"": ""track""}, {""position"": ""1-4"", ""title"": ""ランドマーク"", ""duration"": """", ""type"": ""track""}, {""position"": ""1-5"", ""title"": ""Love Song"", ""duration"": """", ""type"": ""track""}, {""position"": ""1-6"", ""title"": ""ポジティ部入部"", ""duration"": """", ""type"": ""track""}, {""position"": ""1-7"", ""title"": ""セレナーデ"", ""duration"": """", ""type"": ""track""}, {""position"": ""1-8"", ""title"": ""Break"", ""duration"": """", ""type"": ""track""}, {""position"": ""1-9"", ""title"": ""無機質"", ""duration"": """", ""type"": ""track""}, {""position"": ""1-10"", ""title"": ""脱・借りてきた猫症候群"", ""duration"": """", ""type"": ""track""}, {""position"": ""1-11"", ""title"": ""ハクセキレイ"", ""duration"": """", ""type"": ""track""}, {""position"": ""1-12"", ""title"": ""ファーストラヴ"", ""duration"": """", ""type"": ""track""}, {""position"": ""1-13"", ""title"": ""振り子"", ""duration"": """", ""type"": ""track""}, {""position"": """", ""title"": ""Cover Song"", ""duration"": """", ""type"": ""heading""}, {""position"": ""2-1"", ""title"": ""再会 (Self-Cover Ver.)"", ""duration"": """", ""type"": ""track""}, {""position"": ""2-2"", ""title"": ""なんでもないよ、"", ""duration"": """", ""type"": ""track""}, {""position"": ""2-3"", ""title"": ""ドライフラワー"", ""duration"": """", ""type"": ""track""}, {""position"": ""2-4"", ""title"": ""Missing"", ""duration"": """", ""type"": ""track""}, {""position"": ""2-5"", ""title"": ""別の人の彼女になったよ"", ""duration"": """", ""type"": ""track""}, {""position"": ""2-6"", ""title"": ""勿忘"", ""duration"": """", ""type"": ""track""}, {""position"": ""2-7"", ""title"": ""白い恋人たち"", ""duration"": """", ""type"": ""track""}, {""position"": ""2-8"", ""title"": ""奏(かなで)"", ""duration"": """", ""type"": ""track""}]"
Milet,Eyes,15828888,2738150,2020,Japan,2020-06-03,CD (Album),SME Records,SECL-2574,4547366447934,Electronic; Pop,J-pop; Dance-pop,https://www.discogs.com/release/15828888,"[{""position"": ""1"", ""title"": ""Again And Again (Eyes Mix)"", ""duration"": """", ""type"": ""track""}, {""position"": ""2"", ""title"": ""Parachute"", ""duration"": """", ""type"": ""track""}, {""position"": ""3"", ""title"": ""Koukai Zenya (航海前夜; Eve Of The Voyage)"", ""duration"": """", ""type"": ""track""}, {""position"": ""4"", ""title"": ""Somebody"", ""duration"": """", ""type"": ""track""}, {""position"": ""5"", ""title"": ""Inside You"", ""duration"": """", ""type"": ""track""}, {""position"": ""6"", ""title"": ""Drown"", ""duration"": """", ""type"": ""track""}, {""position"": ""7"", ""title"": ""You & I"", ""duration"": """", ""type"": ""track""}, {""position"": ""8"", ""title"": ""Grab The Air"", ""duration"": """", ""type"": ""track""}, {""position"": ""9"", ""title"": ""Stay"", ""duration"": """", ""type"": ""track""}, {""position"": ""10"", ""title"": ""Dome"", ""duration"": """", ""type"": ""track""}, {""position"": ""11"", ""title"": ""Tell Me"", ""duration"": """", ""type"": ""track""}, {""position"": ""12"", ""title"": ""Wonderland"", ""duration"": """", ""type"": ""track""}, {""position"": ""13"", ""title"": ""Us"", ""duration"": """", ""type"": ""track""}, {""position"": ""14"", ""title"": ""Prover"", ""duration"": """", ""type"": ""track""}, {""position"": ""15"", ""title"": ""Until I Die"", ""duration"": """", ""type"": ""track""}, {""position"": ""16"", ""title"": ""Without Your Love"", ""duration"": """", ""type"": ""track""}, {""position"": ""17"", ""title"": ""Fire Arrow"", ""duration"": """", ""type"": ""track""}, {""position"": ""18"", ""title"": ""The Love We've Made"", ""duration"": """", ""type"": ""track""}]"
IU (3),Love Poem,14446045,,2019,South Korea,2019-11-18,CD (Mini-Album),Kakao M,L100005637,8804775136351,Pop,K-pop,https://www.discogs.com/release/14446045,"[{""position"": ""1"", ""title"": ""Unlucky"", ""duration"": ""3:51"", ""type"": ""track""}, {""position"": ""2"", ""title"": ""그 사람"", ""duration"": ""3:51"", ""type"": ""track""}, {""position"": ""3"", ""title"": ""Blueming"", ""duration"": ""3:37"", ""type"": ""track""}, {""position"": ""4"", ""title"": ""시간의 바깥"", ""duration"": ""5:00"", ""type"": ""track""}, {""position"": ""5"", ""title"": ""자장가"", ""duration"": ""4:21"", ""type"": ""track""}, {""position"": ""6"", ""title"": ""Love poem"", ""duration"": ""4:18"", ""type"": ""track""}]"
IU (3),Lilac,18048907,2068564,2021,South Korea,2021-03-25,CD (Album),EDAM Entertainment,L100005749,8804775158773,Pop,K-pop,https://www.discogs.com/release/18048907,"[{""position"": ""1"", ""title"": ""라일락"", ""duration"": ""3:34"", ""type"": ""track""}, {""position"": ""2"", ""title"": ""Flu"", ""duration"": ""3:08"", ""type"": ""track""}, {""position"": ""3"", ""title"": ""Coin"", ""duration"": ""3:13"", ""type"": ""track""}, {""position"": ""4"", ""title"": ""봄 안녕 봄"", ""duration"": ""5:24"", ""type"": ""track""}, {""position"": ""5"", ""title"": ""Celebrity"", ""duration"": ""3:15"", ""type"": ""track""}, {""position"": ""6"", ""title"": ""돌림노래"", ""duration"": ""3:09"", ""type"": ""track""}, {""position"": ""7"", ""title"": ""빈 컵 (Empty Cup)"", ""duration"": ""2:19"", ""type"": ""track""}, {""position"": ""8"", ""title"": ""아이와 나의 바다"", ""duration"": ""5:16"", ""type"": ""track""}, {""position"": ""9"", ""title"": ""어푸 (Ah Puh)"", ""duration"": ""3:20"", ""type"": ""track""}, {""position"": ""10"", ""title"": ""에필로그"", ""duration"": ""3:49"", ""type"": ""track""}]"
IU (3),Lilac,18206452,2068564,2021,South Korea,2021-03-25,CD (Album),EDAM Entertainment,L100005749,8804775158773,Pop,K-pop,https://www.discogs.com/release/18206452,"[{""position"": ""1"", ""title"": ""라일락"", ""duration"": ""3:34"", ""type"": ""track""}, {""position"": ""2"", ""title"": ""Flu"", ""duration"": ""3:08"", ""type"": ""track""}, {""position"": ""3"", ""title"": ""Coin"", ""duration"": ""3:13"", ""type"": ""track""}, {""position"": ""4"", ""title"": ""봄 안녕 봄"", ""duration"": ""5:24"", ""type"": ""track""}, {""position"": ""5"", ""title"": ""Celebrity"", ""duration"": ""3:15"", ""type"": ""track""}, {""position"": ""6"", ""title"": ""돌림노래"", ""duration"": ""3:09"", ""type"": ""track""}, {""position"": ""7"", ""title"": ""빈 컵 (Empty Cup)"", ""duration"": ""2:19"", ""type"": ""track""}, {""position"": ""8"", ""title"": ""아이와 나의 바다"", ""duration"": ""5:15"", ""type"": ""track""}, {""position"": ""9"", ""title"": ""어푸 (Ah puh)"", ""duration"": ""3:20"", ""type"": ""track""}, {""position"": ""10"", ""title"": ""에필로그"", ""duration"": ""3:49"", ""type"": ""track""}]"
IU (3),The Winning,29863816,3401425,2024,South Korea,2024-02-20,CD (Mini-Album),EDAM Entertainment; kakao Entertainment,L200002886; L200002886,8 804775 368752,Pop,K-pop,https://www.discogs.com/release/29863816,"[{""position"": ""1"", ""title"": ""Shopper"", ""duration"": ""3:36"", ""type"": ""track""}, {""position"": ""2"", ""title"": ""홀씨"", ""duration"": ""3:11"", ""type"": ""track""}, {""position"": ""3"", ""title"": ""Shh.."", ""duration"": ""3:47"", ""type"": ""track""}, {""position"": ""4"", ""title"": ""Love Wins All"", ""duration"": ""4:32"", ""type"": ""track""}, {""position"": ""5"", ""title"": ""관객이 될게 (I Stan U)"", ""duration"": ""3:13"", ""type"": ""track""}]"
Song Yu Qi,YUQ1,30598009,3554326,2024,South Korea,2024-04-24,"CD (Mini-Album, Limited Edition, Special Edition)",Cube Entertainment,L200002931,8804775369230,Pop,K-pop,https://www.discogs.com/release/30598009,"[{""position"": ""1"", ""title"": ""Freak"", ""duration"": ""2:51"", ""type"": ""track""}, {""position"": ""2"", ""title"": ""My Way"", ""duration"": ""2:48"", ""type"": ""track""}, {""position"": ""3"", ""title"": ""Drink It Up"", ""duration"": ""3:16"", ""type"": ""track""}, {""position"": ""4"", ""title"": ""Red Rover"", ""duration"": ""2:03"", ""type"": ""track""}, {""position"": ""5"", ""title"": ""On Clap"", ""duration"": ""1:58"", ""type"": ""track""}, {""position"": ""6"", ""title"": ""Everytime"", ""duration"": ""3:11"", ""type"": ""track""}, {""position"": ""7"", ""title"": ""Could It Be"", ""duration"": ""3:09"", ""type"": ""track""}]"
Song Yu Qi,YUQ1,31152485,3554326,2024,South Korea,2024-04-24,CD (Mini-Album),Cube Entertainment,L200002930,8804775369223,Pop,K-pop,https://www.discogs.com/release/31152485,"[{""position"": ""1"", ""title"": ""Freak"", ""duration"": ""2:51"", ""type"": ""track""}, {""position"": ""2"", ""title"": ""My Way"", ""duration"": ""2:48"", ""type"": ""track""}, {""position"": ""3"", ""title"": ""Drink It Up"", ""duration"": ""3:16"", ""type"": ""track""}, {""position"": ""4"", ""title"": ""Red Rover"", ""duration"": ""2:03"", ""type"": ""track""}, {""position"": ""5"", ""title"": ""On Clap"", ""duration"": ""1:58"", ""type"": ""track""}, {""position"": ""6"", ""title"": ""Everytime"", ""duration"": ""3:11"", ""type"": ""track""}, {""position"": ""7"", ""title"": ""Could It Be"", ""duration"": ""3:09"", ""type"": ""track""}]"
Song Yu Qi,Motivation,35432992,,2025,South Korea,2025-09-17,CDr (Single),Cube Entertainment,L200003399,8804775457425,Pop,K-pop,https://www.discogs.com/release/35432992,"[{""position"": ""1"", ""title"": ""M.O."", ""duration"": ""3:02"", ""type"": ""track""}, {""position"": ""2"", ""title"": ""아프다"", ""duration"": ""3:14"", ""type"": ""track""}, {""position"": ""3"", ""title"": ""还痛吗"", ""duration"": ""3:14"", ""type"": ""track""}]"
Seo Soo Jin,Rizz,32390547,3666633,2024,South Korea,2024-05-24,CD (EP),BRD Communications,CMCC12028,8809704428194,Electronic; Hip Hop; Rock; Pop,Karaoke; K-pop; RnB/Swing; K-Rock,https://www.discogs.com/release/32390547,"[{""position"": ""1"", ""title"": ""Rizz Me Up"", ""duration"": ""2:16"", ""type"": ""track""}, {""position"": ""2"", ""title"": ""Mona Lisa"", ""duration"": ""2:40"", ""type"": ""track""}, {""position"": ""3"", ""title"": ""Lime"", ""duration"": ""2:47"", ""type"": ""track""}, {""position"": ""4"", ""title"": ""Tide (헤엄)"", ""duration"": ""2:48"", ""type"": ""track""}, {""position"": ""5"", ""title"": ""Drop Top"", ""duration"": ""2:36"", ""type"": ""track""}, {""position"": ""6"", ""title"": ""Summer Daze"", ""duration"": ""3:08"", ""type"": ""track""}]"
fromis_9,Unlock My World,27592368,3140928,2023,South Korea,2023-06-05,CD (Album),Pledis Entertainment,PLD0241,8 809903 923810,Electronic; Funk / Soul; Pop,K-pop; Dance-pop; City Pop; Contemporary R&B,https://www.discogs.com/release/27592368,"[{""position"": ""1"", ""title"": ""Attitude"", ""duration"": ""3:11"", ""type"": ""track""}, {""position"": ""2"", ""title"": ""#menow"", ""duration"": ""2:51"", ""type"": ""track""}, {""position"": ""3"", ""title"": ""Wishlist"", ""duration"": ""2:57"", ""type"": ""track""}, {""position"": ""4"", ""title"": ""In The Mirror"", ""duration"": ""3:33"", ""type"": ""track""}, {""position"": ""5"", ""title"": ""Don't Care"", ""duration"": ""3:24"", ""type"": ""track""}, {""position"": ""6"", ""title"": ""Prom Night"", ""duration"": ""3:27"", ""type"": ""track""}, {""position"": ""7"", ""title"": ""Bring It On"", ""duration"": ""2:52"", ""type"": ""track""}, {""position"": ""8"", ""title"": ""What I Want"", ""duration"": ""3:31"", ""type"": ""track""}, {""position"": ""9"", ""title"": ""My Night Routine"", ""duration"": ""2:59"", ""type"": ""track""}, {""position"": ""10"", ""title"": ""눈맞춤"", ""duration"": ""3:30"", ""type"": ""track""}]"
fromis_9,From Our Memento Box,29753617,3391084,2022,South Korea,2022-06-27,CD (Mini-Album),Pledis Entertainment,PLD0163,8809848756665,Electronic; Pop,K-pop; Bubblegum,https://www.discogs.com/release/29753617,"[{""position"": ""1"", ""title"": ""Up And"", ""duration"": ""3:12"", ""type"": ""track""}, {""position"": ""2"", ""title"": ""Stay This Way"", ""duration"": ""3:15"", ""type"": ""track""}, {""position"": ""3"", ""title"": ""Blind Letter"", ""duration"": ""2:40"", ""type"": ""track""}, {""position"": ""4"", ""title"": ""Cheese"", ""duration"": ""3:01"", ""type"": ""track""}, {""position"": ""5"", ""title"": ""Rewind"", ""duration"": ""3:33"", ""type"": ""track""}]"
fromis_9,Glow ME,38225175,,2026,South Korea,2026-07-21,CD (Album),DREAMUS,DUK2317,8800371190131,Pop,K-pop,https://www.discogs.com/release/38225175,"[{""position"": ""1"", ""title"": ""ENTERNAL"", ""duration"": ""3:06"", ""type"": ""track""}, {""position"": ""2"", ""title"": ""Vitamin ME"", ""duration"": ""3:10"", ""type"": ""track""}, {""position"": ""3"", ""title"": ""Pocket Treat"", ""duration"": ""3:03"", ""type"": ""track""}, {""position"": ""4"", ""title"": ""Blue Heart"", ""duration"": ""2:33"", ""type"": ""track""}, {""position"": ""5"", ""title"": ""Screen Time"", ""duration"": ""2:29"", ""type"": ""track""}, {""position"": ""6"", ""title"": ""Teacher"", ""duration"": ""3:20"", ""type"": ""track""}, {""position"": ""7"", ""title"": ""Cold Blood"", ""duration"": ""2:49"", ""type"": ""track""}, {""position"": ""8"", ""title"": ""Why do I cry?"", ""duration"": ""2:30"", ""type"": ""track""}, {""position"": ""9"", ""title"": ""Day 1"", ""duration"": ""3:14"", ""type"": ""track""}, {""position"": ""10"", ""title"": ""Wonderland"", ""duration"": ""3:08"", ""type"": ""track""}]"
Oh My Girl,Closer,9160588,2928208,2015,South Korea,2015-10-08,CD (Mini-Album),WM Entertainment; Loen Entertainment,L200001169; L200001169,8804775065934,Pop,K-pop,https://www.discogs.com/release/9160588,"[{""position"": ""1"", ""title"": ""Closer"", ""duration"": ""3:27"", ""type"": ""track""}, {""position"": ""2"", ""title"": ""Say No More"", ""duration"": ""3:06"", ""type"": ""track""}, {""position"": ""3"", ""title"": ""Playground"", ""duration"": ""3:56"", ""type"": ""track""}, {""position"": ""4"", ""title"": ""Sugar Baby"", ""duration"": ""4:22"", ""type"": ""track""}, {""position"": ""5"", ""title"": ""Round About"", ""duration"": ""3:40"", ""type"": ""track""}]"
Oh My Girl,Pink Ocean,9160643,1348421,2016,South Korea,2016-03-28,CD (Mini-Album),WM Entertainment; Loen Entertainment,L200001212; L200001212,8804775069475,Pop,K-pop,https://www.discogs.com/release/9160643,"[{""position"": ""1"", ""title"": ""Liar Liar"", ""duration"": ""3:14"", ""type"": ""track""}, {""position"": ""2"", ""title"": ""B612"", ""duration"": ""4:06"", ""type"": ""track""}, {""position"": ""3"", ""title"": ""I Found Love"", ""duration"": ""3:34"", ""type"": ""track""}, {""position"": ""4"", ""title"": ""Knock Knock"", ""duration"": ""3:37"", ""type"": ""track""}, {""position"": ""5"", ""title"": ""한 발짝 두 발짝"", ""duration"": ""3:43"", ""type"": ""track""}]"
Oh My Girl,비밀정원,12128076,2923576,2018,South Korea,2018-01-09,CD (Mini-Album),WM Entertainment; Loen Entertainment,L200001514; L200001514,8804775086922,Pop,K-pop,https://www.discogs.com/release/12128076,"[{""position"": ""1"", ""title"": ""비밀정원"", ""duration"": ""4:06"", ""type"": ""track""}, {""position"": ""2"", ""title"": ""Love O'clock"", ""duration"": ""3:58"", ""type"": ""track""}, {""position"": ""3"", ""title"": ""Butterfly"", ""duration"": ""3:55"", ""type"": ""track""}, {""position"": ""4"", ""title"": ""Sixteen"", ""duration"": ""3:24"", ""type"": ""track""}, {""position"": ""5"", ""title"": ""Magic"", ""duration"": ""3:05"", ""type"": ""track""}]"
Oh My Girl,Golden Hourglass,28165684,3227953,2023,South Korea,2023-07-24,"CD (Mini-Album, Stereo)",WM Entertainment; RBW; Sony Music; WM Entertainment; RBW; Sony Music,S91300C; S91300C; S91300C; 19658835742; 19658835742; 19658835742,8803581203004,Electronic; Pop,K-pop; Dance-pop,https://www.discogs.com/release/28165684,"[{""position"": ""1"", ""title"": ""Celebrate"", ""duration"": ""2:48"", ""type"": ""track""}, {""position"": ""2"", ""title"": ""여름이 들려 (Summer Comes)"", ""duration"": ""3:22"", ""type"": ""track""}, {""position"": ""3"", ""title"": ""내 Type"", ""duration"": ""3:01"", ""type"": ""track""}, {""position"": ""4"", ""title"": ""Dirty Laundry"", ""duration"": ""2:51"", ""type"": ""track""}, {""position"": ""5"", ""title"": ""Paradise"", ""duration"": ""2:31"", ""type"": ""track""}, {""position"": ""6"", ""title"": ""미라클 (Miracle)"", ""duration"": ""3:20"", ""type"": ""track""}]"
Oh My Girl,Golden Hourglass,28165165,3227953,2023,South Korea,2023-07-24,"CD (Mini-Album, Stereo)",WM Entertainment; RBW; Sony Music; WM Entertainment; RBW; Sony Music,S91300C; S91300C; S91300C; 19658835742; 19658835742; 19658835742,8803581203004,Electronic; Pop,K-pop; Dance-pop,https://www.discogs.com/release/28165165,"[{""position"": ""1"", ""title"": ""Celebrate"", ""duration"": ""2:48"", ""type"": ""track""}, {""position"": ""2"", ""title"": ""여름이 들려 (Summer Comes)"", ""duration"": ""3:22"", ""type"": ""track""}, {""position"": ""3"", ""title"": ""내 Type"", ""duration"": ""3:01"", ""type"": ""track""}, {""position"": ""4"", ""title"": ""Dirty Laundry"", ""duration"": ""2:51"", ""type"": ""track""}, {""position"": ""5"", ""title"": ""Paradise"", ""duration"": ""2:31"", ""type"": ""track""}, {""position"": ""6"", ""title"": ""미라클 (Miracle)"", ""duration"": ""3:20"", ""type"": ""track""}]"
오마이걸 반하나,Banana Allergy Monkey,12362041,,2018,South Korea,2018-04-02,CD (Mini-Album),Loen Entertainment; WM Entertainment,L200001549; L200001549,,"Electronic; Rock; Reggae; Pop; Children's; Folk, World, & Country",Chiptune; K-pop,https://www.discogs.com/release/12362041,"[{""position"": ""1"", ""title"": ""Ukiuki Waikiki (Intro)"", ""duration"": ""0:52"", ""type"": ""track""}, {""position"": ""2"", ""title"": ""Banana Allergy Monkey"", ""duration"": ""3:43"", ""type"": ""track""}, {""position"": ""3"", ""title"": ""하더라"", ""duration"": ""3:32"", ""type"": ""track""}, {""position"": ""4"", ""title"": ""반한 게 아냐"", ""duration"": ""3:14"", ""type"": ""track""}]"
